model,dataset,image,absrel,rmse,delta1,scale,shift
v2-small,nyu,nyu_0000,0.06226431621298931,0.22120149279563228,0.9848307291666667,0.0389286205267573,0.29118402880910094
v2-small,nyu,nyu_0001,0.03322738185970118,0.08767215191480428,0.986728515625,0.0858839357083993,0.3575875824746628
v2-small,nyu,nyu_0008,0.12293517705378615,0.7424142125195387,0.8102962239583333,0.12284043580867089,0.17512829056819887
v2-small,nyu,nyu_0013,0.07433306491550873,0.23885717104725565,0.960888671875,0.030514525952462106,0.32346422353557264
v2-small,nyu,nyu_0014,0.06816017531581509,0.38525543414360025,0.9716341145833334,0.10369765308642417,0.08391905481482799
v2-small,nyu,nyu_0015,0.06129970754092116,0.4029765448263972,0.965517578125,0.12695772024078217,0.119438168589091
v2-small,nyu,nyu_0016,0.11227550790540854,0.6990728260455203,0.8525,0.09534563165138521,0.15715768695580337
v2-small,nyu,nyu_0017,0.09585034206915279,0.6845747997774512,0.9152018229166666,0.0975374012199063,0.14283082154115836
v2-small,nyu,nyu_0020,0.0538332392953381,0.33189232440746697,0.93998046875,0.07188818633842721,0.2261824931954951
v2-small,nyu,nyu_0027,0.07699499256972173,0.4459955213704811,0.9675130208333333,0.03824782885521871,0.18868336214551362
v2-small,nyu,nyu_0028,0.11481333157852822,0.7689017673847658,0.8661848958333334,0.08590552817894934,0.1774097388009655
v2-small,nyu,nyu_0029,0.1259228402035771,0.6179752109069789,0.9177701822916666,0.04985610226425837,0.19673612521517655
v2-small,nyu,nyu_0030,0.05362409383670265,0.2901536901511751,0.9664615885416666,0.10543143445492534,0.18185169481973484
v2-small,nyu,nyu_0031,0.10749661903911312,0.4855273482991431,0.8741829427083333,0.07122358856354069,0.2619462758077124
v2-small,nyu,nyu_0032,0.03350706062533826,0.09191603451707374,0.9791015625,0.045926599059644205,0.5296819073934085
v2-small,nyu,nyu_0033,0.07422138081073686,0.268718984024094,0.9881998697916666,0.05196622413878623,0.28940574875182695
v2-small,nyu,nyu_0034,0.16781039726692226,0.9351763121712021,0.7034635416666667,0.04712208473170831,0.16414639482508603
v2-small,nyu,nyu_0035,0.14444872394581013,0.8173902583168051,0.7672037760416667,0.03162813440469329,0.1802978972162813
v2-small,nyu,nyu_0036,0.09028976456585223,0.3811743456088868,0.9878645833333334,0.060190494334395585,0.2293961544373166
v2-small,nyu,nyu_0037,0.09507804321780969,0.5041437321479812,0.909541015625,0.10434471030681404,0.2658710117073206
v2-small,nyu,nyu_0038,0.13169275506386305,0.4519567440292059,0.8447200520833333,0.06330803579956214,0.25571401456215465
v2-small,nyu,nyu_0039,0.07989025395984414,0.2739998552664065,0.925927734375,0.03095133934086307,0.32973908703180604
v2-small,nyu,nyu_0040,0.145807436654459,0.3943019369965385,0.8585123697916667,0.09330784735464402,0.30256863099813525
v2-small,nyu,nyu_0041,0.03247158199946669,0.09193165063432729,0.9910709635416667,0.032638123327553115,0.45114914463915184
v2-small,nyu,nyu_0042,0.10825686718091192,0.35018011897798185,0.9659375,0.0367513296458967,0.340749384323755
v2-small,nyu,nyu_0045,0.0958167883765722,0.21635866467190387,0.8823990885416667,0.1331485113460758,0.5348197831285147
v2-small,nyu,nyu_0046,0.17174631682155647,0.5312998855802722,0.7480924479166666,0.09414035864808894,0.3929188127678529
v2-small,nyu,nyu_0055,0.0974161812018061,0.2717549410897773,0.9693880208333333,0.07346952124811772,0.34449955908869345
v2-small,nyu,nyu_0056,0.053025439457719745,0.1433743368842974,0.956806640625,0.13149668508354298,0.3879437029761351
v2-small,nyu,nyu_0058,0.057353021521200705,0.19729357493362212,0.9654069010416667,0.08736011863380827,0.31418157028948535
v2-small,nyu,nyu_0059,0.08107917984472436,0.21593529569746733,0.9694596354166667,0.08869232318136053,0.28380597535466945
v2-small,nyu,nyu_0060,0.061700662293351256,0.16246630021014838,0.984091796875,0.07454979599584217,0.3658427598638965
v2-small,nyu,nyu_0061,0.060351392822952474,0.12696050317124954,0.9955501302083334,0.08146844083829427,0.4231739533627967
v2-small,nyu,nyu_0062,0.044309001951668855,0.13081902997558245,0.974375,0.05070570871696182,0.3968615297679335
v2-small,nyu,nyu_0075,0.13851022187385112,0.4354565135845303,0.9506901041666667,0.06461668009471122,0.28852378425251257
v2-small,nyu,nyu_0076,0.0863044812221226,0.28577246664439376,0.9684830729166667,0.06422904231867568,0.2695612682821898
v2-small,nyu,nyu_0077,0.0709558259875612,0.20104109563355985,0.9726985677083333,0.09004791314124579,0.37116483114404425
v2-small,nyu,nyu_0078,0.0866868093608316,0.28545951698144933,0.9325162760416666,0.07093869504635764,0.3257714213356623
v2-small,nyu,nyu_0083,0.14080492810340073,0.924114171189362,0.802978515625,0.10116686439042129,0.11587169686469397
v2-small,nyu,nyu_0084,0.07932703869041625,0.3190920116022614,0.9367805989583333,0.11114097910391885,0.22538698352848327
v2-small,nyu,nyu_0085,0.08499907895798531,0.7898995807916185,0.8957063802083334,0.09500987847020213,0.11821720850003352
v2-small,nyu,nyu_0086,0.13651833479624373,0.8335420717532299,0.821259765625,0.11089890252582416,0.10143762160145936
v2-small,nyu,nyu_0087,0.28176294797499307,2.1847589284711906,0.4548209635416667,0.1408701202246999,0.14784940269035074
v2-small,nyu,nyu_0088,0.20226341856001492,1.1845979535111435,0.7340169270833333,0.10015976643028429,0.10234145642622004
v2-small,nyu,nyu_0089,0.23427805290715986,1.381619971810844,0.5738736979166666,0.09668679240739207,0.1175647048044832
v2-small,nyu,nyu_0090,0.1607554636351456,1.3320631635166522,0.7866438802083333,0.08360984020976962,0.11700034785904836
v2-small,nyu,nyu_0116,0.15065400138269883,1.0623209546521108,0.7444010416666667,0.08032315823034245,0.10466167135732107
v2-small,nyu,nyu_0117,0.16262525745371256,1.1353019306251715,0.7581412760416667,0.0893978812114756,0.08410700405540585
v2-small,nyu,nyu_0118,0.2207951913474859,1.5375406755264613,0.5733528645833333,0.07859989661779988,0.11160373229556714
v2-small,nyu,nyu_0124,0.159061474048704,0.46721315966699,0.750341796875,0.06450929429072295,0.40417062763846895
v2-small,nyu,nyu_0125,0.07576081585384903,0.27804904467065705,0.9692415364583333,0.13246950288628198,0.2693713705882626
v2-small,nyu,nyu_0126,0.0904494194278745,0.19708553599450582,0.9685774739583334,0.14779645941839847,0.38981136897266877
v2-small,nyu,nyu_0127,0.03129330744207316,0.044760305029764705,0.9978255208333333,0.10680921934535043,0.6866531562332755
v2-small,nyu,nyu_0128,0.04019236622408993,0.07257988311631174,0.9813997395833334,0.12861514930108606,0.5647869536668275
v2-small,nyu,nyu_0130,0.053011820132841704,0.12329640933853526,0.9746419270833333,0.10315935138337931,0.35059362265133437
v2-small,nyu,nyu_0131,0.04184703188810096,0.06692593041945019,0.9881868489583333,0.1333896934783076,0.5022870669131968
v2-small,nyu,nyu_0132,0.05718134405341761,0.08588687360007259,0.9769466145833333,0.12329995744747976,0.5333696496171095
v2-small,nyu,nyu_0133,0.08921440637721925,0.41974176592196794,0.884580078125,0.10287576247214923,0.35676322433265084
v2-small,nyu,nyu_0136,0.06598200369877912,0.17712457234735268,0.9846744791666666,0.08726804842475652,0.3805783924027463
v2-small,nyu,nyu_0152,0.07198417631272717,0.2357024587825599,0.9228483072916667,0.08693135580817356,0.2806630449829694
v2-small,nyu,nyu_0153,0.07098661807852584,0.20669936961238075,0.9716764322916667,0.04094342422957195,0.34876674658720974
v2-small,nyu,nyu_0154,0.24646396902750795,0.59893442888484,0.5394140625,0.05730530443295102,0.40999390259751906
v2-small,nyu,nyu_0166,0.08420042582860122,0.32592318365588785,0.9301236979166667,0.11030105163919969,0.23407294453905972
v2-small,nyu,nyu_0167,0.020008534390803787,0.040423136848613164,0.9999446614583334,0.06398896710460232,0.5786771120508887
v2-small,nyu,nyu_0168,0.07143186624876198,0.1947846896260533,0.9660774739583333,0.04392915746587705,0.43578257101613155
v2-small,nyu,nyu_0170,0.13299713235484087,0.9084226597497838,0.786455078125,0.06562363005411058,0.25133733302049444
v2-small,nyu,nyu_0171,0.11503642481293323,0.7711276689835042,0.8459212239583334,0.09226377331023687,0.2045999377642004
v2-small,nyu,nyu_0172,0.12199064902857625,0.5709380112948703,0.845263671875,0.10579092894871986,0.2004713552135404
v2-small,nyu,nyu_0173,0.09312956214273684,0.3838575684622216,0.9196126302083333,0.07651008694873015,0.18499868361426808
v2-small,nyu,nyu_0174,0.11235368725294559,0.2762610129124068,0.9544759114583333,0.1521329758545104,0.249940610528798
v2-small,nyu,nyu_0175,0.05390102396007782,0.13944436363643586,0.9589485677083334,0.08247132698289486,0.40107379194139975
v2-small,nyu,nyu_0179,0.064944686614577,0.19769304552359626,0.971083984375,0.09657355881031114,0.2516480305046932
v2-small,nyu,nyu_0180,0.06570713103841914,0.18260861542127735,0.9661197916666666,0.10631228134585646,0.31171669280607517
v2-small,nyu,nyu_0181,0.06023137130563341,0.21042729375505648,0.97365234375,0.07711276553029967,0.33271962412689055
v2-small,nyu,nyu_0182,0.0702962602513856,0.16772130084914202,0.978388671875,0.09141898973007737,0.3388288459075734
v2-small,nyu,nyu_0183,0.046092411585496845,0.12472081673615845,0.9475716145833334,0.060815850459473034,0.4931894085871122
v2-small,nyu,nyu_0184,0.07171629604827644,0.20514818151710648,0.9614192708333333,0.09917779632493083,0.3266725327049354
v2-small,nyu,nyu_0185,0.09975523121275637,0.6422671250763708,0.8956575520833333,0.03306329873477101,0.415014155551882
v2-small,nyu,nyu_0186,0.036341426333726515,0.08487481013345519,0.9900553385416667,0.09561414612199232,0.3911453196060514
v2-small,nyu,nyu_0187,0.035403550005692085,0.09466968394525449,0.990703125,0.06795616385038561,0.4033218466472326
v2-small,nyu,nyu_0188,0.03481389685336354,0.11984208171899521,0.9768326822916666,0.10936583374124162,0.34457989779653897
v2-small,nyu,nyu_0189,0.09772152792581418,0.26678011248904576,0.971826171875,0.06987277462822421,0.3157013757450041
v2-small,nyu,nyu_0190,0.09433628430178127,0.1776622189013226,0.9596321614583333,0.05318500127532252,0.5379997113137971
v2-small,nyu,nyu_0191,0.026088728938341434,0.07785728921038973,0.9903255208333334,0.04788916362147368,0.436975310077993
v2-small,nyu,nyu_0192,0.039429921063496715,0.13399590626080776,0.9783333333333334,0.08615916882935591,0.2664677117246502
v2-small,nyu,nyu_0193,0.03375170086968337,0.07421185919644593,0.9993912760416667,0.07186913689879758,0.47295125963248646
v2-small,nyu,nyu_0194,0.05472208317891656,0.18898474866152365,0.9391438802083333,0.10313259820032798,0.6677212412743441
v2-small,nyu,nyu_0195,0.05888412740132017,0.18517930991945022,0.9726399739583333,0.13392279347332003,0.3905528459606289
v2-small,nyu,nyu_0196,0.04241017941913898,0.06098549775717582,0.9799772135416667,0.11024815657617257,0.7291511693777111
v2-small,nyu,nyu_0197,0.0631266108938765,0.12421582514837244,0.9800944010416667,0.13125938355328554,0.43009182800523527
v2-small,nyu,nyu_0198,0.08569343161403001,0.35073448961662906,0.8975520833333334,0.08067254962278855,0.31799718413526873
v2-small,nyu,nyu_0199,0.12080971233906851,0.45745252521360763,0.9114680989583334,0.17468454238281633,0.1863672061886281
v2-small,nyu,nyu_0200,0.11960964300000022,0.718942952758068,0.8468880208333334,0.1215463528449413,0.16021455598484413
v2-small,nyu,nyu_0201,0.08468929999898107,0.3826616785312288,0.898486328125,0.07266562523596105,0.30905757334054207
v2-small,nyu,nyu_0206,0.1199322586517178,0.7786936203921662,0.7815364583333333,0.1079844250338047,0.2114474154207558
v2-small,nyu,nyu_0207,0.05855242673446224,0.2844289243497143,0.9660546875,0.08601380558840203,0.20392215783729814
v2-small,nyu,nyu_0208,0.09361645503244484,0.2688436266938841,0.938974609375,0.04310475443440529,0.37037729820953535
v2-small,nyu,nyu_0209,0.09581571521207516,0.5270871549695321,0.935234375,0.08834492026438572,0.21841360725088893
v2-small,nyu,nyu_0210,0.09044203544609503,0.32181136292246837,0.9378743489583333,0.09538278419783457,0.22776881854105313
v2-small,nyu,nyu_0211,0.06505162415045275,0.26002173119428873,0.9498209635416667,0.10541016265458686,0.18920169017385377
v2-small,nyu,nyu_0219,0.1835553005767742,0.49998959759105654,0.6905533854166667,0.062799857737487,0.33270262334000605
v2-small,nyu,nyu_0220,0.10703046460754526,0.514364173926814,0.9440104166666666,0.07007630569874612,0.18798748431183276
v2-small,nyu,nyu_0221,0.09164365414392538,0.3597076346481206,0.9492578125,0.1272710427143467,0.18229174327413722
v2-small,nyu,nyu_0249,0.0868670345383708,0.1484940815689639,0.95337890625,0.180156060537486,0.37086575082480355
v2-small,nyu,nyu_0263,0.09811901197187765,0.26071182058047815,0.915185546875,0.08204171513971242,0.32727457033623447
v2-small,nyu,nyu_0270,0.1278639949952125,0.48434287145254035,0.9200358072916667,0.09301063245284853,0.23432859363655104
v2-small,nyu,nyu_0271,0.19765800391968052,1.3465662295717664,0.5758854166666667,0.04623971946835708,0.1603656180126222
v2-small,nyu,nyu_0272,0.1388166978653478,1.0572414788901814,0.8783561197916666,0.04280839346121077,0.10038962846353607
v2-small,nyu,nyu_0278,0.20806749892854373,1.4343437451737218,0.5816373697916667,0.04960228628553959,0.1648636766715186
v2-small,nyu,nyu_0279,0.0560410917394472,0.23584819142518954,0.9802506510416666,0.10518388745028423,0.22049694360723712
v2-small,nyu,nyu_0280,0.13522376785525167,0.478941333762984,0.8262174479166666,0.03831358023741266,0.29379860301320637
v2-small,nyu,nyu_0281,0.05993684106529417,0.22910461391276934,0.9307161458333333,0.0993764739620184,0.24169394959655885
v2-small,nyu,nyu_0282,0.07503057685119208,0.19339091599121905,0.9649055989583334,0.08405133488180336,0.38231241037747676
v2-small,nyu,nyu_0283,0.15281989943158153,0.7595922616447655,0.742919921875,0.06366673153598056,0.19020065412933043
v2-small,nyu,nyu_0284,0.08225093341001649,0.3906217659266554,0.9338313802083333,0.08027300587911695,0.18106423648901007
v2-small,nyu,nyu_0295,0.0987602372513817,0.5848867720581381,0.921123046875,0.09387655868285212,0.15751898924020183
v2-small,nyu,nyu_0296,0.10576268687846814,0.5350214741203696,0.9076204427083333,0.06406916974219676,0.17555992813755755
v2-small,nyu,nyu_0297,0.09730647428810148,0.4405165102835501,0.93662109375,0.07309401654367377,0.20807250479651643
v2-small,nyu,nyu_0298,0.11481561648608259,0.601124093363615,0.9313151041666666,0.058334421324622625,0.1654549748631463
v2-small,nyu,nyu_0299,0.13627005946444673,0.6001432229910515,0.8095638020833333,0.07307420390929413,0.19515779113830908
v2-small,nyu,nyu_0300,0.16736271326523625,1.0123247972793412,0.6560416666666666,0.07563818887853123,0.13875248759268272
v2-small,nyu,nyu_0301,0.12846629845103022,0.6149614438519119,0.84248046875,0.07161669551552999,0.18664453948809284
v2-small,nyu,nyu_0309,0.16263100754092888,0.8996669127793354,0.6763671875,0.06947622156011854,0.16930452700189447
v2-small,nyu,nyu_0310,0.08156739056414467,0.793185547221652,0.9147395833333334,0.08013906267040234,0.14025976174063273
v2-small,nyu,nyu_0311,0.08503858734220242,0.43488977901523684,0.9404850260416666,0.07620221294679796,0.18622068523174054
v2-small,nyu,nyu_0314,0.08979699158405496,0.4440642744832973,0.9738216145833334,0.06510153354529007,0.19207745793267494
v2-small,nyu,nyu_0315,0.18266916286219695,0.9579312226811807,0.7150944010416667,0.05791253126048912,0.17729787996958624
v2-small,nyu,nyu_0316,0.11723381892461575,0.6932557111266116,0.9431217447916667,0.07007214305980725,0.1564028235738828
v2-small,nyu,nyu_0324,0.05312604509381646,0.2067586903654673,0.9801041666666667,0.07632238840166118,0.24962960092869357
v2-small,nyu,nyu_0325,0.1194096766868523,0.5415405017699689,0.8680143229166667,0.07677822077754166,0.20782922365339043
v2-small,nyu,nyu_0326,0.10435774148763582,0.5060082993520357,0.9543977864583333,0.054832842660347714,0.18841683896828906
v2-small,nyu,nyu_0327,0.09571817214723478,0.4579865464122063,0.9215592447916666,0.05603712818786165,0.23537835061775791
v2-small,nyu,nyu_0328,0.0881188496362785,0.519863368362528,0.9278548177083333,0.09136119027494237,0.18197250267565682
v2-small,nyu,nyu_0329,0.09380058751468362,0.47980788950868436,0.955341796875,0.10760557248255985,0.19217382725668442
v2-small,nyu,nyu_0330,0.19645450323700478,1.2280819638699798,0.6927473958333333,0.059673380974293956,0.14392011460687468
v2-small,nyu,nyu_0331,0.12102083340933964,0.6887874519796687,0.9460123697916667,0.06955251926794627,0.1590986173377712
v2-small,nyu,nyu_0332,0.14387750281626505,1.0094034194010764,0.7469303385416667,0.08502079180231087,0.14744630560412655
v2-small,nyu,nyu_0333,0.11685720514714411,0.7946961941766759,0.8571223958333334,0.07795654869389132,0.11362559618705842
v2-small,nyu,nyu_0334,0.1545838832349577,0.9687134025438093,0.806884765625,0.05276135273251908,0.15270164914051507
v2-small,nyu,nyu_0350,0.11086769331274257,0.9322599074269835,0.891064453125,0.0531449359922061,0.15795265956654395
v2-small,nyu,nyu_0351,0.07985880534718591,0.7394555277650675,0.9419856770833334,0.07327128710525944,0.0986641777339574
v2-small,nyu,nyu_0354,0.08343177881697475,0.519428166488862,0.9399772135416666,0.05556480509900273,0.16599536355073366
v2-small,nyu,nyu_0355,0.10502344995608474,0.4548601300864559,0.9419921875,0.12738698635181098,0.12547841067064724
v2-small,nyu,nyu_0356,0.06062667970859911,0.3733471772672902,0.9675358072916667,0.08489257601724733,0.18676666755537694
v2-small,nyu,nyu_0357,0.07474992409551956,0.4311395437285508,0.9128157552083334,0.08975732964999326,0.1637489013445043
v2-small,nyu,nyu_0358,0.058161626358766746,0.2014415859367681,0.9790071614583333,0.046626797486665546,0.2871288284498813
v2-small,nyu,nyu_0359,0.07304942230647342,0.22926143257291712,0.9723111979166666,0.11185560755947507,0.2752717226678108
v2-small,nyu,nyu_0360,0.100339462897149,0.1915464515668347,0.9529231770833333,0.12998093774245267,0.46368490187558253
v2-small,nyu,nyu_0361,0.03696767229523717,0.18443271705353137,0.9794921875,0.0937224700001666,0.25494748409985474
v2-small,nyu,nyu_0362,0.11901087880240145,0.5278107933057884,0.9135872395833333,0.03794127385253933,0.21822593918433403
v2-small,nyu,nyu_0363,0.059568354274746854,0.2890232960927124,0.9614680989583333,0.09193319043357939,0.22478494552135836
v2-small,nyu,nyu_0383,0.05938354805391603,0.21888544109491911,0.9677799479166667,0.07742152211939175,0.20935850957612656
v2-small,nyu,nyu_0384,0.051876020722972045,0.15207004631332166,0.9696647135416666,0.10746324567849251,0.28833374612206
v2-small,nyu,nyu_0385,0.08169364512729965,0.28473925563148006,0.971240234375,0.06449271275772735,0.3002132675749977
v2-small,nyu,nyu_0386,0.08069541850080124,0.3442118139687861,0.948134765625,0.11190956136665774,0.16889763758334245
v2-small,nyu,nyu_0387,0.08740602835930672,0.3967860846322426,0.90994140625,0.07457001486283064,0.22965300395362342
v2-small,nyu,nyu_0388,0.08396291941356795,0.2546605200614106,0.9648209635416667,0.09566286151684215,0.3157493387174791
v2-small,nyu,nyu_0389,0.1007011201209787,0.29460023978825023,0.8994498697916666,0.12675880641280315,0.22355843460229213
v2-small,nyu,nyu_0394,0.08410389856571485,0.2701485065484227,0.9395768229166667,0.08046413744460051,0.31322345858190065
v2-small,nyu,nyu_0395,0.06652406211752956,0.275982754948716,0.9518619791666667,0.11238594112266452,0.21554080374630177
v2-small,nyu,nyu_0396,0.12410545259922287,0.3785430374654935,0.8746256510416667,0.07425389561363692,0.27283453920095535
v2-small,nyu,nyu_0410,0.12357451303556272,0.6829883965527253,0.8955696614583334,0.07732000514809803,0.19168672289006755
v2-small,nyu,nyu_0411,0.1070233839009845,0.3385545348344437,0.9594921875,0.08147804724190395,0.26219587487458124
v2-small,nyu,nyu_0412,0.04854222760383372,0.15484410896470274,0.9889322916666666,0.04171397446841414,0.3784543035133921
v2-small,nyu,nyu_0413,0.12851358616653927,0.7968953265689446,0.9145963541666666,0.09067838846629017,0.1929763116718457
v2-small,nyu,nyu_0429,0.14796701318793892,1.1203322546579113,0.7869303385416667,0.0636391215858816,0.13855008528027943
v2-small,nyu,nyu_0430,0.13999172120355258,1.1141676929928634,0.88216796875,0.054038486979884115,0.19127867654333436
v2-small,nyu,nyu_0431,0.11238523591162117,0.6411287712325835,0.9319759114583334,0.102113422411401,0.1934542116316598
v2-small,nyu,nyu_0432,0.0915167943866178,0.45400523253203323,0.9447102864583333,0.049447870662861715,0.1911348722138184
v2-small,nyu,nyu_0433,0.06670578544252856,0.27853559737100564,0.9616536458333333,0.06126486008894953,0.22157557630952351
v2-small,nyu,nyu_0434,0.05642704267519933,0.34401801834648343,0.9615690104166666,0.10605259624404809,0.20855001477063942
v2-small,nyu,nyu_0440,0.11994502350600583,0.5448742490086711,0.9457649739583334,0.04832771005635743,0.3115436589089214
v2-small,nyu,nyu_0441,0.090076464067872,0.49227069705578497,0.9096451822916667,0.020903830049872767,0.2830021721816093
v2-small,nyu,nyu_0442,0.09179939756258898,0.7322054919623596,0.865322265625,0.08170432522575515,0.1825596713715719
v2-small,nyu,nyu_0443,0.0656509827504686,0.3375750343765093,0.9466243489583334,0.05980950877083199,0.22842302855885802
v2-small,nyu,nyu_0444,0.09178195306191873,0.41989026648510686,0.9481510416666666,0.06635136380900518,0.2306191991400241
v2-small,nyu,nyu_0445,0.07867406397136092,0.3340525875684443,0.9840462239583333,0.08266144080279415,0.24969467290239328
v2-small,nyu,nyu_0446,0.07451530121008194,0.28337929496317144,0.9637630208333333,0.07089317315258925,0.2708239971802422
v2-small,nyu,nyu_0447,0.026749911080705714,0.11808438463876328,0.981650390625,0.10908179884488142,0.31651903549816285
v2-small,nyu,nyu_0461,0.11410585408818719,0.38598687200622683,0.8963541666666667,0.06628307139503266,0.2766679112302588
v2-small,nyu,nyu_0462,0.061102094111014534,0.26795221873752134,0.9550618489583333,0.0761306528925584,0.2636065066844607
v2-small,nyu,nyu_0463,0.09808887549340062,0.3792045042317946,0.93630859375,0.05326062771034447,0.24123901732342892
v2-small,nyu,nyu_0464,0.10598364655452212,0.7728568415703317,0.8761686197916667,0.0714154990849945,0.16197657060083187
v2-small,nyu,nyu_0465,0.10996353895507821,0.6651036514871694,0.8587565104166667,0.07075917397085328,0.1903846950484201
v2-small,nyu,nyu_0468,0.20195464246928,0.892708114812872,0.640048828125,0.15594185961023863,0.12069497063228986
v2-small,nyu,nyu_0469,0.08403696154323867,0.3432011534621642,0.91978515625,0.09365388006203608,0.21039525382945218
v2-small,nyu,nyu_0470,0.10094733269395494,0.42762812719005366,0.9120768229166667,0.14914769278852227,0.23835697968851358
v2-small,nyu,nyu_0471,0.03579110215138448,0.15974288405539358,0.9853645833333333,0.08669412086537594,0.2794396642800692
v2-small,nyu,nyu_0472,0.08731695012750146,0.3787394142930768,0.9360384114583333,0.04139404146740644,0.25399790033986447
v2-small,nyu,nyu_0473,0.07645189903881952,0.3069140794005607,0.9529036458333333,0.08430300254792913,0.2322159994771033
v2-small,nyu,nyu_0474,0.11967852987174209,0.40855160559521186,0.9139811197916666,0.10270060617218783,0.2523896509289961
v2-small,nyu,nyu_0475,0.07267395051625726,0.23282535854588907,0.925947265625,0.12052972630689449,0.20752925292952237
v2-small,nyu,nyu_0476,0.12467456501212598,0.34913437049064733,0.89318359375,0.0708920206346956,0.30384806052029883
v2-small,nyu,nyu_0507,0.14369907800312512,0.3151745646225809,0.7675651041666667,0.08510468972899368,0.3014633363749904
v2-small,nyu,nyu_0508,0.11440368645524292,0.31311291199933056,0.9049381510416666,0.18242797206334693,0.28106289858378414
v2-small,nyu,nyu_0509,0.1897185270553638,0.5856464742673498,0.691259765625,0.10066458335576109,0.4315379837030576
v2-small,nyu,nyu_0510,0.09261642716137466,0.2574070341350563,0.956884765625,0.1354259022889029,0.3391373455640224
v2-small,nyu,nyu_0511,0.10293599016938487,0.21189307581481084,0.9736783854166666,0.1243914556872786,0.3749884343127569
v2-small,nyu,nyu_0512,0.07740580609794653,0.21688515606703304,0.909462890625,0.09725979810298102,0.42241279360645534
v2-small,nyu,nyu_0514,0.14578228290116443,0.6232871104647445,0.8195865885416667,0.11772908689057784,0.23140095160873017
v2-small,nyu,nyu_0515,0.0965996192513431,0.3056934479383179,0.8754557291666667,0.06672221929133562,0.26533635172150266
v2-small,nyu,nyu_0516,0.21934895132054597,0.5118244009652714,0.6279622395833333,0.11028302233524422,0.3084796698980181
v2-small,nyu,nyu_0517,0.05588979664700884,0.21021281259746116,0.96326171875,0.10236753994599677,0.3003856008840145
v2-small,nyu,nyu_0518,0.11388696477074375,0.3014663389395722,0.9580891927083334,0.10673993684785248,0.2930203902085128
v2-small,nyu,nyu_0519,0.08633555897106823,0.311039529646891,0.9691796875,0.054640176024437236,0.27821427610208005
v2-small,nyu,nyu_0520,0.07037672559371902,0.2686503258675435,0.9596744791666667,0.08799161160002622,0.2872180774636002
v2-small,nyu,nyu_0521,0.07013396986108358,0.24080768420776702,0.951220703125,0.07271555193229884,0.28129211927030284
v2-small,nyu,nyu_0522,0.04144863856228535,0.22348162736636581,0.9807649739583333,0.0526860517241406,0.21902350687829772
v2-small,nyu,nyu_0523,0.056497025097385245,0.19706820151452745,0.9736881510416666,0.06444280088076138,0.2782599277610909
v2-small,nyu,nyu_0524,0.06729507552118642,0.20576793316547262,0.9620377604166667,0.019585972278018504,0.40308399709820175
v2-small,nyu,nyu_0525,0.07134039935505869,0.2575710326913551,0.97853515625,0.039093305372580704,0.2887425857172769
v2-small,nyu,nyu_0530,0.06512669989614761,0.19542043699601183,0.9745572916666667,0.10594777252249211,0.2977225459678392
v2-small,nyu,nyu_0531,0.053586944866965795,0.1842764691841189,0.973896484375,0.05411966531216202,0.2892925049496618
v2-small,nyu,nyu_0532,0.06336834441387085,0.20759404480888888,0.98607421875,0.05112306401969636,0.3039273214182811
v2-small,nyu,nyu_0536,0.07248950456147318,0.2530479872667303,0.9833658854166667,0.09698048000229659,0.2574876261528917
v2-small,nyu,nyu_0537,0.08595122336316711,0.31519804376815974,0.9657845052083334,0.07290223307146396,0.3041740748678811
v2-small,nyu,nyu_0538,0.07805488061174777,0.2121250310248233,0.932197265625,0.0894284100369165,0.36184126414204815
v2-small,nyu,nyu_0548,0.042770769128694305,0.5141364379326563,0.9745670572916667,0.058468339916476805,0.2768459428457288
v2-small,nyu,nyu_0549,0.04201186449802626,0.19953928868854895,0.960654296875,0.060102148993119706,0.25477340057605435
v2-small,nyu,nyu_0550,0.044556418456335824,0.18831311639465614,0.9709244791666667,0.08332620820273724,0.23951762342290972
v2-small,nyu,nyu_0554,0.0653334387710525,0.19530067766197404,0.9758235677083333,0.0730330532497208,0.2994177942970009
v2-small,nyu,nyu_0555,0.0625765765966969,0.17867257921251994,0.9712630208333334,0.0799141052709119,0.3134820838931415
v2-small,nyu,nyu_0556,0.0722517225309099,0.15778891514960522,0.9728059895833333,0.062491932031355016,0.45194408699163996
v2-small,nyu,nyu_0557,0.030878424054985126,0.08315850294856371,0.9987532552083334,0.06547813315898272,0.39475443087470957
v2-small,nyu,nyu_0558,0.16670622177572042,0.3044433082620198,0.8783170572916666,0.1262535129072583,0.2740183548253754
v2-small,nyu,nyu_0559,0.07033547508735823,0.14792819539810048,0.9787532552083333,0.08581086601154785,0.4197073858794917
v2-small,nyu,nyu_0560,0.05379130857385695,0.15396644089217051,0.97509765625,0.1453762516136517,0.41739346417141454
v2-small,nyu,nyu_0561,0.12367178447478684,0.34422443367252653,0.8109342447916666,0.08651335827114211,0.26485823260133373
v2-small,nyu,nyu_0562,0.08314067967267028,0.24605862545266222,0.95337890625,0.138095307728775,0.26440103430172157
v2-small,nyu,nyu_0563,0.06731122159526035,0.3754085200475905,0.9493977864583333,0.09883352841643793,0.21861194530058908
v2-small,nyu,nyu_0564,0.060995087475848496,0.2077869371309532,0.9710904947916666,0.10448013490956602,0.22407786610536587
v2-small,nyu,nyu_0565,0.0781691055929747,0.26980671457176314,0.9503515625,0.06649116834007433,0.3036135377122149
v2-small,nyu,nyu_0566,0.10539606613887728,0.30898065117496654,0.9068359375,0.07739039569717546,0.2925636423438078
v2-small,nyu,nyu_0567,0.07859173618308164,0.3075466031204499,0.9513020833333333,0.07576742579987908,0.2602460269997061
v2-small,nyu,nyu_0568,0.07388748927644084,0.2351615296011958,0.9640755208333334,0.08806282344150028,0.27282064723290206
v2-small,nyu,nyu_0569,0.0576447366546912,0.1894342100324597,0.9648079427083334,0.10860590480753522,0.28598075982522486
v2-small,nyu,nyu_0570,0.05083646186316584,0.13239219357753093,0.9548860677083333,0.11839350694602327,0.31633554939145664
v2-small,nyu,nyu_0578,0.12134587067279237,0.592336103279779,0.8912369791666667,0.08558822429494953,0.19665392392689507
v2-small,nyu,nyu_0579,0.07436612335835426,0.31434475191520894,0.9595963541666667,0.05339209076645124,0.2458657743861019
v2-small,nyu,nyu_0580,0.07162053557344747,0.3145969882355547,0.9627506510416667,0.07256672140023657,0.21542595416993515
v2-small,nyu,nyu_0581,0.07224075784773876,0.37783977179181355,0.92818359375,0.06706394450989352,0.17715513933355234
v2-small,nyu,nyu_0582,0.11618248406285843,0.5250321281255552,0.9431282552083333,0.08032838096135468,0.18314856657468365
v2-small,nyu,nyu_0590,0.06252598984863084,0.25352464485798926,0.9754361979166667,0.0651924514873154,0.28206976496215214
v2-small,nyu,nyu_0591,0.09464621675778308,0.30541702506229207,0.957373046875,0.04451722514394304,0.3026181139815962
v2-small,nyu,nyu_0592,0.09071612883936281,0.34990032278531985,0.9116080729166667,0.09950124037868027,0.24177434136364245
v2-small,nyu,nyu_0593,0.04556291476555024,0.29584745710376187,0.96904296875,0.07097289519840394,0.1858194503354337
v2-small,nyu,nyu_0602,0.08737594490647864,0.5415055304806687,0.956240234375,0.0956254483481652,0.10400566620645962
v2-small,nyu,nyu_0603,0.0841209948014394,0.4651411630225421,0.9371419270833333,0.12452071744084306,0.14138579860384726
v2-small,nyu,nyu_0604,0.10934852530361555,0.5304459463571708,0.8690104166666667,0.06743331921448463,0.22291481389669418
v2-small,nyu,nyu_0605,0.07521309517357354,0.36657361038896763,0.9416927083333333,0.07270740626794489,0.26049807606014436
v2-small,nyu,nyu_0606,0.05759432374044978,0.23039231481985514,0.9683821614583333,0.08730698044978943,0.25981831280590506
v2-small,nyu,nyu_0611,0.08801790615568929,0.30212719528197596,0.9577799479166667,0.05773910419522493,0.2549627498056899
v2-small,nyu,nyu_0612,0.03932965247992543,0.18264604640904294,0.9831022135416667,0.0780218668767441,0.19846146297664735
v2-small,nyu,nyu_0616,0.08538875928625482,0.2891108966938451,0.9613313802083333,0.08741327020266648,0.23582400360945172
v2-small,nyu,nyu_0617,0.12719169491012908,0.47138893847776214,0.8695833333333334,0.07798068329907858,0.29156915808795925
v2-small,nyu,nyu_0618,0.07484894176952174,0.22570025842449892,0.9582389322916667,0.07518027702880763,0.37543756264146905
v2-small,nyu,nyu_0619,0.19400487305743322,0.5231559318194656,0.7166438802083334,0.08831837546547776,0.25091645480416896
v2-small,nyu,nyu_0620,0.06178762304269403,0.18942098422641826,0.96779296875,0.10608882129112525,0.3428983142936173
v2-small,nyu,nyu_0632,0.11185290656386943,0.8589826406455426,0.8395865885416667,0.050992300790497845,0.150989278602527
v2-small,nyu,nyu_0633,0.11150401736956794,0.4104379190458267,0.953994140625,0.03298140924799058,0.2511819059768153
v2-small,nyu,nyu_0634,0.15275025295773398,0.8365761957162925,0.67447265625,0.05873652300991708,0.18891648065117453
v2-small,nyu,nyu_0635,0.138172023441963,0.37856031777609817,0.8156315104166667,0.11151292876331124,0.18030400080056558
v2-small,nyu,nyu_0636,0.06559998458626312,0.18092543124708343,0.9678678385416667,0.11509275364775456,0.27720940456885934
v2-small,nyu,nyu_0637,0.08720445623900758,0.24901021861241313,0.9530143229166667,0.08883826242452997,0.2727275152401622
v2-small,nyu,nyu_0643,0.06528707873027628,0.17876277383538455,0.9849609375,0.0745168669869778,0.36887249517341736
v2-small,nyu,nyu_0644,0.1059730957550629,0.28688933639811237,0.9756510416666667,0.09832321045614671,0.312095290670611
v2-small,nyu,nyu_0649,0.24549914590527797,0.6293567322047127,0.6612337239583334,-0.0433459506986865,0.6594356088076907
v2-small,nyu,nyu_0650,0.09918153888528285,0.22257372314708893,0.87314453125,0.05843851070967377,0.5021189192835629
v2-small,nyu,nyu_0655,0.16631422228395135,0.49712381746668727,0.7345052083333333,0.018652677635309256,0.45664160955288674
v2-small,nyu,nyu_0656,0.19673462084988086,0.5892317096961949,0.661279296875,0.08328073409580751,0.34690403281597604
v2-small,nyu,nyu_0657,0.07575299077855371,0.11769914214821363,0.9677213541666667,0.1459421443680617,0.5371290672057965
v2-small,nyu,nyu_0662,0.1051717220151262,0.38566084385156346,0.8952864583333333,0.11582131510824481,0.34552731069546816
v2-small,nyu,nyu_0663,0.09710028154596843,0.22689479272054053,0.8915559895833334,0.04181628056741826,0.5716660446458692
v2-small,nyu,nyu_0667,0.11909050121906636,0.9687646472338757,0.8531087239583334,0.0735691600264198,0.15907934936450885
v2-small,nyu,nyu_0668,0.04094582049680618,0.26764190205874877,0.964111328125,0.0793802984374481,0.19663871803994654
v2-small,nyu,nyu_0669,0.29681627989178744,1.7201016265674067,0.532626953125,0.14240717456755056,0.12535504910755269
v2-small,nyu,nyu_0670,0.2623363729509142,1.0765159036324785,0.6459537760416667,0.09701469525023314,0.17583062620506912
v2-small,nyu,nyu_0671,0.14922154630693493,0.7842533646469745,0.8501334635416666,0.06814704186692451,0.27219011932846426
v2-small,nyu,nyu_0672,0.065124337113547,0.20385662473893973,0.9794921875,0.061950969209691086,0.282250824380693
v2-small,nyu,nyu_0675,0.1355424813885618,0.28426366221589217,0.78896484375,0.02006526096703856,0.5113666621999429
v2-small,nyu,nyu_0676,0.047188905404368826,0.08213154718911353,0.9861588541666667,0.12419729921977814,0.47057886150876527
v2-small,nyu,nyu_0677,0.06842864365106452,0.14531460732319226,0.9724967447916667,0.13515794014362056,0.30904565391255284
v2-small,nyu,nyu_0678,0.17932392350662968,0.6624397486771426,0.7762272135416667,0.05064977712656486,0.5539866258230113
v2-small,nyu,nyu_0679,0.09294864639320555,0.3191903414972352,0.8693196614583333,0.13076361720403765,0.2385945923506921
v2-small,nyu,nyu_0680,0.11944335711312382,0.32954534389106815,0.783623046875,0.07098901142463226,0.3332693832173013
v2-small,nyu,nyu_0685,0.06730058343248431,0.27897231603778516,0.9444661458333333,0.06248023704414946,0.23141427750596652
v2-small,nyu,nyu_0686,0.11710705814053012,0.5955323779357159,0.8266731770833333,0.12632043045055535,0.19248147107634786
v2-small,nyu,nyu_0687,0.17394141764601945,0.44543579429355146,0.6802994791666667,0.05451972769955359,0.48213807738008796
v2-small,nyu,nyu_0688,0.03314567572841091,0.08272938637148779,0.983154296875,0.08552366923977243,0.3768370044887518
v2-small,nyu,nyu_0689,0.08581528158980833,0.15980217466616037,0.9782259114583334,0.16298455990495553,0.360807969148949
v2-small,nyu,nyu_0692,0.15989930978646905,0.6091512515485658,0.773642578125,0.10805637069106051,0.24292469613742
v2-small,nyu,nyu_0693,0.06201988131634698,0.11646012839624233,0.9713216145833333,0.11947155802938249,0.4482698485004707
v2-small,nyu,nyu_0696,0.23568414251746797,1.050904942857148,0.7963932291666667,0.1363749190519756,0.3130161582564498
v2-small,nyu,nyu_0697,0.07563073241618189,0.20008327784969457,0.9715950520833333,0.0841917652299969,0.3111255301085299
v2-small,nyu,nyu_0698,0.09949900555676149,0.2951342693717719,0.9589485677083334,0.085528404165737,0.3028707864619014
v2-small,nyu,nyu_0705,0.10497371143063368,0.23950808833906564,0.915029296875,0.1691712767789734,0.23367811697968238
v2-small,nyu,nyu_0706,0.05509685356735608,0.13985332713251758,0.9629915364583334,0.1322894190638323,0.3903640929172025
v2-small,nyu,nyu_0707,0.13217201023397712,0.4285245388149333,0.8765462239583334,0.1275612295387389,0.358045967114501
v2-small,nyu,nyu_0708,0.08124705678047132,0.2280372522164908,0.9618359375,0.12933856728692764,0.30937139230037225
v2-small,nyu,nyu_0709,0.14314738369463603,0.3481444196911098,0.7388671875,0.150086219977406,0.33607627615952745
v2-small,nyu,nyu_0710,0.05559868970419888,0.18026882143990308,0.9743294270833334,0.14210635716058242,0.26999017082083315
v2-small,nyu,nyu_0711,0.13325380817602164,0.48746230566300436,0.7631477864583334,0.05645578212610842,0.2673587099389262
v2-small,nyu,nyu_0712,0.0926372283263067,0.2845911763665649,0.9069563802083334,0.035130700306862724,0.3592496538652005
v2-small,nyu,nyu_0716,0.06209591724999799,0.2342077598489661,0.9626236979166667,0.15657118628102437,0.30676733667434447
v2-small,nyu,nyu_0717,0.08153480629532216,0.17148467634499817,0.9716927083333333,0.1575302430641533,0.3872786675431737
v2-small,nyu,nyu_0723,0.1696646857681603,0.7746136090222278,0.751630859375,0.08143019388097472,0.2467376173652239
v2-small,nyu,nyu_0724,0.17459740283084849,0.6842939023533007,0.68400390625,0.05716468598714175,0.32152691222152957
v2-small,nyu,nyu_0725,0.09214156907835903,0.22757279852178006,0.98427734375,0.05898746213097808,0.3900011682169652
v2-small,nyu,nyu_0726,0.19601765042659616,1.0511364905099003,0.79150390625,0.10894316888918434,0.23692542587800716
v2-small,nyu,nyu_0727,0.058085326143314804,0.18370157474416482,0.9635546875,0.12834048725173844,0.2969567747614353
v2-small,nyu,nyu_0730,0.34311136461254754,0.8353979830335962,0.222646484375,0.12140436255846254,0.25924082951279726
v2-small,nyu,nyu_0731,0.04531825685473063,0.11855835665133219,0.9855826822916667,0.11450277800782388,0.3752268742614681
v2-small,nyu,nyu_0732,0.11210057678130819,0.23997099638958747,0.967763671875,0.08269484174628802,0.39709763310755514
v2-small,nyu,nyu_0733,0.11050848772093282,0.28595059258770195,0.9021223958333333,0.15898148359077807,0.4098249498333601
v2-small,nyu,nyu_0742,0.24254310750846572,0.6741897832395979,0.5080143229166667,0.06828820826360257,0.34021707602992485
v2-small,nyu,nyu_0743,0.09776369242304235,0.2214257287698039,0.9333170572916667,0.12426057682601896,0.39280828025399417
v2-small,nyu,nyu_0758,0.02941039107347167,0.08389969663781535,0.9923470052083333,0.08494697283572457,0.31145963781357705
v2-small,nyu,nyu_0759,0.08771953616082682,0.40387637638251206,0.9396549479166667,0.12703903804650857,0.12505089860937835
v2-small,nyu,nyu_0760,0.1335095967339902,0.39683297250830507,0.8296419270833333,0.1464573261345583,0.25022649310835665
v2-small,nyu,nyu_0761,0.12383669124722604,0.6674873341128865,0.8486979166666667,0.05354150241292851,0.2625237652329784
v2-small,nyu,nyu_0762,0.04621820788859247,0.1891676975190209,0.9819368489583333,0.08505103503720159,0.2517591105500397
v2-small,nyu,nyu_0763,0.09718779035158291,0.5824585069003103,0.9155598958333333,0.12092201133738116,0.1454434922317921
v2-small,nyu,nyu_0764,0.061203177375645824,0.14155276001874667,0.9769303385416667,0.08311559452981693,0.4554739328140266
v2-small,nyu,nyu_0765,0.10934471914385867,0.7512557589619815,0.8682194010416666,0.06767520550778654,0.21022995631974678
v2-small,nyu,nyu_0766,0.07652690486947145,0.4245697666374,0.9264225260416666,0.08856118086168917,0.20157718238839234
v2-small,nyu,nyu_0767,0.10445599436587605,0.5072422350518302,0.9219759114583334,0.09520501974956307,0.1830569068131223
v2-small,nyu,nyu_0768,0.07640229648271384,0.26255788669191465,0.955908203125,0.13100248074056267,0.24332180221628538
v2-small,nyu,nyu_0769,0.06999781555780812,0.1751620164131276,0.9774544270833333,0.06308659556259846,0.3994272264228113
v2-small,nyu,nyu_0770,0.05253991539147392,0.186949088252578,0.962373046875,0.08340129846224266,0.3715279269165111
v2-small,nyu,nyu_0771,0.10723448620095406,0.4023877955172809,0.9066243489583333,0.1094306315419889,0.21798032958300356
v2-small,nyu,nyu_0772,0.09986926662665785,0.46976920238980696,0.9363118489583333,0.10661581391107475,0.1966193530781261
v2-small,nyu,nyu_0773,0.08540522091136298,0.3041101113126154,0.9503515625,0.10826507517833656,0.2757612829641932
v2-small,nyu,nyu_0774,0.04701636894251578,0.14870016729996952,0.9849739583333333,0.11738948879273588,0.3203699754256983
v2-small,nyu,nyu_0775,0.07496445785138339,0.18244505064545655,0.9380533854166667,0.08103441841995282,0.41218374754683007
v2-small,nyu,nyu_0776,0.06200052471673724,0.21778518027423333,0.9791341145833333,0.04182655225750169,0.31293645053024755
v2-small,nyu,nyu_0777,0.06279181554404392,0.394138098324728,0.9662858072916667,0.08481670905281534,0.15347036024106403
v2-small,nyu,nyu_0778,0.07043359817854385,0.42072872876413653,0.9622395833333334,0.08530387133787602,0.20357086292543805
v2-small,nyu,nyu_0779,0.06838883414383315,0.4254372153467533,0.9612109375,0.09469059887732167,0.13360697533255977
v2-small,nyu,nyu_0780,0.07799970890226128,0.44459880538931595,0.9459505208333333,0.10742297748024389,0.1543449407519197
v2-small,nyu,nyu_0781,0.08504333890250798,0.4269535634096909,0.941611328125,0.08133524710152207,0.17840329972136992
v2-small,nyu,nyu_0782,0.18303687358988685,0.9280989741613324,0.789130859375,0.10717344540801985,0.1612493940455941
v2-small,nyu,nyu_0783,0.1804760295541427,1.4216323485968192,0.77154296875,0.0900080117820031,0.19372184227487962
v2-small,nyu,nyu_0784,0.1345990827552916,1.0872306911989378,0.8498014322916667,0.1395616222097241,0.14622276407986626
v2-small,nyu,nyu_0785,0.11089628566583372,0.6416714265334319,0.9087076822916667,0.1224625747597404,0.14265794766929465
v2-small,nyu,nyu_0786,0.13013944852932888,0.8938177760859916,0.8579296875,0.1221469778229298,0.15244074388496368
v2-small,nyu,nyu_0799,0.08982766590210717,0.1864407085427925,0.981103515625,0.15098102329937832,0.33123367533867515
v2-small,nyu,nyu_0800,0.12882650183295583,1.1468251812197423,0.83330078125,0.10792469606754308,0.11985994100456142
v2-small,nyu,nyu_0801,0.13732895224513786,1.0670829626911553,0.85091796875,0.060470127944403276,0.13113745208168884
v2-small,nyu,nyu_0802,0.12047679404692574,0.569551505180542,0.919638671875,0.11965132369504428,0.16057649864378118
v2-small,nyu,nyu_0803,0.11870181599296989,0.5370825313981916,0.8688444010416667,0.12435544374309306,0.17781655096896692
v2-small,nyu,nyu_0809,0.18433786096126353,0.7405017991287453,0.746416015625,0.15136658755184706,0.13412552312690088
v2-small,nyu,nyu_0810,0.13515652975958897,0.8350297601997652,0.803486328125,0.08070477978156645,0.15821730783357316
v2-small,nyu,nyu_0811,0.09397488307323687,0.5723150342215151,0.9201399739583334,0.13171797141956518,0.1371256084227196
v2-small,nyu,nyu_0812,0.1283590126075808,0.5230760280151496,0.9156901041666666,0.14752600490163942,0.18925304362428527
v2-small,nyu,nyu_0813,0.11627038455784672,0.5197878410351775,0.8163444010416666,0.05078892142254404,0.28366699713386073
v2-small,nyu,nyu_0820,0.08916742482688764,0.5437473524154128,0.9335611979166667,0.1198179013153973,0.181859674998706
v2-small,nyu,nyu_0821,0.1922143995431683,0.9914413438866335,0.6871875,0.12085457411422633,0.1985114808038698
v2-small,nyu,nyu_0822,0.1079062543043409,0.4028874110234923,0.9154720052083334,0.12383748488543186,0.21211195451098805
v2-small,nyu,nyu_0832,0.1444377684579573,0.6673413472924259,0.8793196614583333,0.14863358464413365,0.12012565247721202
v2-small,nyu,nyu_0833,0.09046001882948546,0.4577110334691266,0.9393033854166667,0.11300481878976645,0.18011806659265098
v2-small,nyu,nyu_0834,0.12388747446254622,0.5281478654647108,0.9031477864583334,0.14646870954928407,0.14639259632311122
v2-small,nyu,nyu_0835,0.18587756610246647,0.7340644990933441,0.7489680989583334,0.11124080608150096,0.1690860495367123
v2-small,nyu,nyu_0836,0.13257927766943378,0.799261863586119,0.8236751302083334,0.08262506366969069,0.2171830670340081
v2-small,nyu,nyu_0837,0.10196357315172473,0.23461609572418982,0.9183984375,0.10776900103495636,0.35037083952038967
v2-small,nyu,nyu_0838,0.09779230804897586,0.7220219009391443,0.9200423177083333,0.13223454189620745,0.1331236743417525
v2-small,nyu,nyu_0839,0.14956036202084308,0.7512536392435074,0.843740234375,0.1546655580086141,0.22089627380208549
v2-small,nyu,nyu_0840,0.1456971083038566,0.6692516011835925,0.750146484375,0.15139827390107302,0.21283120327552027
v2-small,nyu,nyu_0841,0.07430909803147866,0.393660820820662,0.9417805989583333,0.07813512068809478,0.19288040870232617
v2-small,nyu,nyu_0842,0.09959445299451973,0.3927962251489564,0.8376302083333333,0.0909684198415174,0.2717029553900062
v2-small,nyu,nyu_0843,0.08910928112733701,0.3902364904977086,0.9715462239583333,0.07495300868072398,0.2587212022942353
v2-small,nyu,nyu_0844,0.0737531344825966,0.2771366732160975,0.9638541666666667,0.08011339734823268,0.24135959919124197
v2-small,nyu,nyu_0845,0.05651295984852657,0.10172047332611463,0.98470703125,0.15210557812328612,0.3951839091389943
v2-small,nyu,nyu_0849,0.13573787347220942,0.6006792458419723,0.8259928385416667,0.0669070914535926,0.17765136269619702
v2-small,nyu,nyu_0850,0.09839534254667302,0.4453762647699588,0.9094661458333333,0.12368950033782757,0.17346291381418896
v2-small,nyu,nyu_0851,0.06806918973060115,0.3503983084951728,0.9367447916666667,0.11658530771321417,0.21523471852601345
v2-small,nyu,nyu_0856,0.060825468345009855,0.36652726592771934,0.958193359375,0.13764618091404063,0.13811252152039438
v2-small,nyu,nyu_0857,0.10430129912750298,0.7090260926770282,0.86853515625,0.1760802719623488,0.2060857984776403
v2-small,nyu,nyu_0858,0.13503265665543998,0.946305141265223,0.83685546875,0.16596364655193005,0.2241128473203118
v2-small,nyu,nyu_0859,0.08926277510483084,0.6620554836110687,0.921708984375,0.09389091470745005,0.16601950569445809
v2-small,nyu,nyu_0860,0.15540115699686644,0.9448921342154479,0.7257975260416667,0.13244320991238284,0.19425670416168037
v2-small,nyu,nyu_0861,0.09314613954719561,0.6324339226582727,0.944599609375,0.09947081636087335,0.23336650255912572
v2-small,nyu,nyu_0868,0.07258033477559891,0.2748561071122885,0.956396484375,0.05401732401253428,0.25532617783953726
v2-small,nyu,nyu_0869,0.05676233727870207,0.2756130833795927,0.9763216145833333,0.06794752680268694,0.1952668832456961
v2-small,nyu,nyu_0870,0.02280163489890778,0.09794350292057223,0.9872688802083334,0.08905092917487765,0.2753877952011115
v2-small,nyu,nyu_0905,0.09894565124179829,0.49704345064768324,0.90509765625,0.11285883180251445,0.1043589154612589
v2-small,nyu,nyu_0906,0.09011225509619435,0.4199910433255391,0.9476920572916666,0.13522945661918645,0.2267927064265944
v2-small,nyu,nyu_0907,0.10920986839016895,0.5944539504901107,0.9073079427083334,0.11187908673759443,0.1799066069148501
v2-small,nyu,nyu_0916,0.09702792539341608,0.5964117828440005,0.8954231770833333,0.04946558348278387,0.19370300681644334
v2-small,nyu,nyu_0917,0.056946474592073776,0.3046711417297044,0.9636165364583333,0.07742232660681667,0.17210790237993692
v2-small,nyu,nyu_0918,0.07066870638763646,0.41562636397882663,0.9459016927083334,0.08158911933164004,0.15229500204900884
v2-small,nyu,nyu_0925,0.10688342378983519,0.3754003918445008,0.9360286458333333,0.09780426490456329,0.23712486097782765
v2-small,nyu,nyu_0926,0.06846040458196925,0.45774463405482185,0.9424869791666667,0.0799955464487556,0.22033681257825116
v2-small,nyu,nyu_0927,0.06948043420951946,0.16844466580865936,0.9706705729166667,0.09636458381632017,0.4216615997936811
v2-small,nyu,nyu_0931,0.0708301873327049,0.2485515646121091,0.9668098958333333,0.08135521783297055,0.24989222669918407
v2-small,nyu,nyu_0932,0.08292550337484658,0.3140361055392138,0.975625,0.03353383514401124,0.28451300064674884
v2-small,nyu,nyu_0933,0.04930312032998605,0.18844493698365097,0.9825390625,0.09958052264376041,0.2810321491444926
v2-small,nyu,nyu_0934,0.05926095390700423,0.18097508806866922,0.9720084635416667,0.07009722597323169,0.31262859340005944
v2-small,nyu,nyu_0944,0.08653667249377493,0.3714434129129847,0.9488151041666667,0.07627053652820585,0.2478137605663362
v2-small,nyu,nyu_0945,0.06312076898485167,0.22495185625389277,0.9730143229166667,0.09238379680577292,0.2635703621149129
v2-small,nyu,nyu_0946,0.0749219747238902,0.34620658913712793,0.96912109375,0.06281981674577321,0.20057691785501774
v2-small,nyu,nyu_0958,0.08140353832122148,0.34433567899341966,0.9746419270833333,0.053498550991055355,0.2336915086501365
v2-small,nyu,nyu_0959,0.07956589059398815,0.3851162706902317,0.914111328125,0.11004962518209294,0.2098079534957542
v2-small,nyu,nyu_0960,0.06540181248763839,0.24263574437700886,0.9804427083333334,0.028437531532059915,0.30207553404441034
v2-small,nyu,nyu_0961,0.080608645978043,0.2783811357006695,0.9772623697916667,0.026304723657454454,0.3164363505133815
v2-small,nyu,nyu_0964,0.07355580204061277,0.25977019720098576,0.9576106770833334,0.05182257995072548,0.25563773624485175
v2-small,nyu,nyu_0965,0.061721216333970874,0.21766481247977462,0.9526302083333333,0.08766904135927035,0.2938257022851183
v2-small,nyu,nyu_0966,0.0473328069040733,0.16180337445492632,0.9805208333333333,0.09786468422217975,0.2940877898495486
v2-small,nyu,nyu_0969,0.10394241391224639,0.45429663657486485,0.9730729166666666,0.03387195195471856,0.23007625613981553
v2-small,nyu,nyu_0970,0.08399554113418758,0.3636932263689961,0.9079069010416667,0.047039790869259926,0.22103405910271498
v2-small,nyu,nyu_0971,0.11419786777413575,0.450093905839256,0.9192708333333334,0.05607491540192449,0.228879494846635
v2-small,nyu,nyu_0972,0.09343351340388019,0.29581273869649355,0.9414322916666666,0.07022779800955242,0.2662291753313272
v2-small,nyu,nyu_0973,0.13582275609994435,0.34135210359702994,0.8116178385416667,0.0914169045447837,0.2471825991758199
v2-small,nyu,nyu_0974,0.05624986478594553,0.22991295390924915,0.97916015625,0.04798199396795537,0.27087043286689294
v2-small,nyu,nyu_0975,0.05315276222832241,0.255015969697259,0.9776920572916666,0.057989575570908586,0.22133134690031042
v2-small,nyu,nyu_0976,0.08846193568207475,0.3459652790886243,0.9650032552083333,0.05449888374764704,0.2553742045833791
v2-small,nyu,nyu_0990,0.10190415175998824,0.43805813013721984,0.8632063802083333,0.12549735416528712,0.20152990086182998
v2-small,nyu,nyu_0991,0.06764776621301637,0.2968706781395185,0.967529296875,0.04663195475373562,0.22812678838573153
v2-small,nyu,nyu_0992,0.11397190967388934,0.4835275704423727,0.924072265625,0.06319215123106327,0.22846989724696656
v2-small,nyu,nyu_0993,0.05874851472354115,0.24189047741500622,0.944794921875,0.052898810550310774,0.2536900202817035
v2-small,nyu,nyu_0994,0.05640661213476465,0.23564079335673518,0.9624055989583333,0.10132921786368448,0.282835974997051
v2-small,nyu,nyu_1000,0.07255849811788591,0.271311760976195,0.945498046875,0.10956383059140612,0.2295351399118192
v2-small,nyu,nyu_1001,0.08725605578044317,0.3892004709977652,0.9509765625,0.09175457312676277,0.23332890999729347
v2-small,nyu,nyu_1002,0.042745920106319675,0.3018324637626252,0.9722819010416667,0.11114869724112204,0.20437818104284577
v2-small,nyu,nyu_1003,0.08396032408477688,0.3825683313308708,0.9334309895833334,0.08605875510915333,0.25520577616612367
v2-small,nyu,nyu_1009,0.05671329282205844,0.3153459496297149,0.9663118489583333,0.07210848609391046,0.23110719031125102
v2-small,nyu,nyu_1010,0.07516779421268624,0.3178068559576754,0.948818359375,0.05991047029479348,0.28132115583121187
v2-small,nyu,nyu_1011,0.061792067970975306,0.27847155805299395,0.941669921875,0.07278469270521545,0.29312629574523125
v2-small,nyu,nyu_1020,0.10719249596294299,0.3197367168357524,0.8070475260416666,0.12007166761842536,0.21943064822014685
v2-small,nyu,nyu_1021,0.09546352109944975,0.4472530790437599,0.917724609375,0.04366016265523204,0.2340194087464948
v2-small,nyu,nyu_1022,0.06340888065376588,0.3032511233794892,0.9535026041666667,0.07330483012908698,0.20835327363287595
v2-small,nyu,nyu_1031,0.12837778403617187,0.4609706923214334,0.8604850260416667,0.06575358795824462,0.28367811832659817
v2-small,nyu,nyu_1032,0.04721812770359541,0.16968752162335782,0.9811751302083334,0.054145467812455175,0.30348780553130494
v2-small,nyu,nyu_1033,0.07198780046835918,0.24442606865427136,0.9728841145833333,0.05542704227470844,0.29272989064807103
v2-small,nyu,nyu_1037,0.05249394599560327,0.17600275836963306,0.9728092447916666,0.13216751359143183,0.22368757311120738
v2-small,nyu,nyu_1038,0.03518109165017081,0.16392965488450942,0.9835514322916666,0.0564886037552146,0.23001596810539218
v2-small,nyu,nyu_1047,0.10991900263665302,0.33180422292298223,0.8763932291666666,0.15020664598384764,0.20095504181308727
v2-small,nyu,nyu_1048,0.06538672827062197,0.38308095649948937,0.951259765625,0.07272505021506198,0.17976324214559247
v2-small,nyu,nyu_1051,0.060313003725524214,0.22797841960593776,0.9863509114583333,0.0664205182123919,0.2601006169458671
v2-small,nyu,nyu_1052,0.03931203327334583,0.10313179328369876,0.9794270833333333,0.10638477682377888,0.3640850141469739
v2-small,nyu,nyu_1056,0.07818662409155348,0.30454198479932615,0.9594466145833334,0.045551126285241744,0.2603540864779272
v2-small,nyu,nyu_1057,0.060906519302663976,0.21018270860412006,0.9670475260416667,0.04629053743845959,0.3185761856926573
v2-small,nyu,nyu_1074,0.2041011581404787,0.6665757682220909,0.6172298177083333,0.029825028831787333,0.29350341224937804
v2-small,nyu,nyu_1075,0.1436770325320969,0.5271948208624185,0.84478515625,0.039510407872151924,0.270594167071174
v2-small,nyu,nyu_1076,0.0782930737815085,0.36153230360962485,0.9386848958333334,0.11699135191500103,0.17758014747509823
v2-small,nyu,nyu_1077,0.14879646408604094,0.3939266676350666,0.7528255208333333,0.0564344034613768,0.3300256575105138
v2-small,nyu,nyu_1078,0.10523169190390277,0.44201961432804926,0.8925325520833334,0.1030378116066847,0.19781901975559524
v2-small,nyu,nyu_1079,0.07483308918504467,0.3005489458889493,0.9749479166666667,0.042917140180091774,0.2520016564272364
v2-small,nyu,nyu_1080,0.2715799535435352,1.0243049745835855,0.5030826822916666,0.054617739872699855,0.3015553885915081
v2-small,nyu,nyu_1081,0.12070362763334093,0.550565775428701,0.898955078125,0.0584695563969217,0.22633600650871438
v2-small,nyu,nyu_1082,0.04821847223063624,0.15879964789073694,0.9848828125,0.05347579049053601,0.3180600004609469
v2-small,nyu,nyu_1083,0.1551938143435988,0.46505405042307324,0.7772493489583333,0.08869966863540121,0.2952297489053676
v2-small,nyu,nyu_1087,0.09989523876519502,0.3068995995414239,0.9025716145833333,0.1090630371626483,0.27975864861072924
v2-small,nyu,nyu_1088,0.07531396323353827,0.3303452770879602,0.9545182291666666,0.0959379787861938,0.19712786451184983
v2-small,nyu,nyu_1089,0.07378224613885712,0.2621565971359149,0.9117610677083333,0.10706277497515738,0.22610478877747314
v2-small,nyu,nyu_1090,0.09050278867568241,0.2824435190307858,0.9614225260416667,0.08435875577219382,0.2575191267840667
v2-small,nyu,nyu_1091,0.07691975479546292,0.2518548765812799,0.9706412760416666,0.06681275379638295,0.27050529203570445
v2-small,nyu,nyu_1092,0.05354817412727216,0.2156508653903135,0.9575944010416667,0.08485636049734416,0.27173075752285275
v2-small,nyu,nyu_1093,0.08609096249357841,0.30065706980669904,0.9520930989583334,0.08739930228886315,0.2722850307103726
v2-small,nyu,nyu_1094,0.06708208667711943,0.23843892359909793,0.9479361979166666,0.09177838934309618,0.27523398540103694
v2-small,nyu,nyu_1095,0.04566857786625175,0.16075071544526193,0.973994140625,0.10485226677530403,0.2871775049190702
v2-small,nyu,nyu_1097,0.10989773492625714,0.4340616687033792,0.9342057291666667,0.042691591689980074,0.26667539804324625
v2-small,nyu,nyu_1098,0.08131314472883171,0.32303161888470217,0.97126953125,0.0513252128992726,0.23695661954449904
v2-small,nyu,nyu_1099,0.07608192452616638,0.3458244473355688,0.9677799479166667,0.08767201248733238,0.22577172247456342
v2-small,nyu,nyu_1100,0.09965131492324768,0.36868467986630765,0.9609114583333334,0.08604765725762814,0.2156591655638676
v2-small,nyu,nyu_1101,0.08408917041226668,0.26720572886717414,0.9026627604166667,0.08641750688415914,0.2259082717044462
v2-small,nyu,nyu_1102,0.0661340702446469,0.2714873887440235,0.9794140625,0.0673386477234991,0.23672711772332672
v2-small,nyu,nyu_1103,0.053894498307193214,0.228980687851666,0.973330078125,0.07883519673278704,0.2428930927070775
v2-small,nyu,nyu_1105,0.06595231727195358,0.29477348868999287,0.9672591145833334,0.10522043459996953,0.2037068567655708
v2-small,nyu,nyu_1106,0.08313230210874288,0.4203839783156583,0.9744466145833334,0.050068078090789815,0.1975450061277818
v2-small,nyu,nyu_1107,0.0962894633525769,0.448513010329222,0.9327083333333334,0.04942352683561807,0.19987057954428936
v2-small,nyu,nyu_1108,0.06281172361913914,0.2216906689141329,0.9747395833333333,0.09524398160870502,0.22197825316414516
v2-small,nyu,nyu_1116,0.1483430064957936,0.609887098125683,0.7639029947916667,0.052232077031414255,0.2528795599853486
v2-small,nyu,nyu_1117,0.07875668066194463,0.2014697302855548,0.9550911458333333,0.07307981982531728,0.383275716037337
v2-small,nyu,nyu_1118,0.07957531420602451,0.19759684791922205,0.9037565104166667,0.1053458022049995,0.36453187988486013
v2-small,nyu,nyu_1122,0.06266651096338549,0.24339176225091247,0.9750651041666667,0.09576239244676127,0.2688234972040244
v2-small,nyu,nyu_1123,0.062000461098111144,0.259767208053748,0.9804296875,0.045468150106767295,0.23991427466478646
v2-small,nyu,nyu_1124,0.05542522627356639,0.21526637820423103,0.974462890625,0.05844517611923558,0.25739483403942826
v2-small,nyu,nyu_1125,0.054020787580484765,0.13501491604120686,0.9910970052083333,0.07027639497777309,0.3683530825325705
v2-small,nyu,nyu_1126,0.15330905604502437,0.6148437366642157,0.8327604166666667,0.039781853812563724,0.23435892970841343
v2-small,nyu,nyu_1127,0.11636391050789051,0.3144038861804194,0.921064453125,0.1266116672532243,0.26924716827108613
v2-small,nyu,nyu_1128,0.11229314271863174,0.43466976060504064,0.8825390625,0.045749022500243076,0.24309058759435653
v2-small,nyu,nyu_1129,0.0707603323812637,0.3642204950728691,0.9490071614583333,0.10120909191276344,0.16723142808978436
v2-small,nyu,nyu_1130,0.07070468238158924,0.2915596029159586,0.9597395833333333,0.08144207106635692,0.27427046907473573
v2-small,nyu,nyu_1134,0.05044455746741683,0.17718714544639194,0.97896484375,0.05838644366058233,0.27007264768122574
v2-small,nyu,nyu_1135,0.048822472127111896,0.14325553343232184,0.9796809895833334,0.0597615294590624,0.33044288850875375
v2-small,nyu,nyu_1143,0.13922229148012036,0.37236264858181145,0.8222884114583333,0.07244960653369861,0.3182818643258562
v2-small,nyu,nyu_1144,0.08799777752782707,0.44334806552399936,0.8999934895833334,0.057077861647621894,0.21176239250303378
v2-small,nyu,nyu_1145,0.0645649186159034,0.38701830871805143,0.9461490885416667,0.10758819341468069,0.15779590915366976
v2-small,nyu,nyu_1146,0.08171345693548036,0.29631206013517414,0.9655403645833334,0.07469316715941983,0.26464452203059063
v2-small,nyu,nyu_1147,0.0871608090314593,0.3029142134456866,0.9766178385416666,0.06589020025592976,0.2945431572674595
v2-small,nyu,nyu_1148,0.06822130290724715,0.1405555046859465,0.9525748697916666,0.1430733758496842,0.3274093051748333
v2-small,nyu,nyu_1149,0.08439698044105305,0.4278137884429586,0.9730859375,0.06290457779817821,0.17284985160023497
v2-small,nyu,nyu_1150,0.06716856543482642,0.3350844316939303,0.9793326822916667,0.059403037970295114,0.1998882474083798
v2-small,nyu,nyu_1151,0.08535266160971251,0.2531194529913443,0.9880208333333333,0.045893646667373826,0.33771918214134417
v2-small,nyu,nyu_1152,0.05410887817320204,0.14904072292177123,0.980576171875,0.14709761266672866,0.30018580234093567
v2-small,nyu,nyu_1153,0.06173176636316883,0.17549972894587512,0.9783072916666666,0.054993503090845657,0.39110131305829676
v2-small,nyu,nyu_1154,0.11443943345712192,0.27199657888145745,0.8732389322916667,0.03250154201999705,0.5232067597015614
v2-small,nyu,nyu_1155,0.07565090459544212,0.20919957554877383,0.9538671875,0.11593567813710991,0.2931852291621055
v2-small,nyu,nyu_1156,0.05835743981802481,0.2286843470055073,0.9809244791666667,0.05960253525530384,0.29626913139051514
v2-small,nyu,nyu_1157,0.058489579106671845,0.17860158394451953,0.9760579427083333,0.09769778803642404,0.33313701905262866
v2-small,nyu,nyu_1161,0.03505320248906608,0.17760389401223883,0.9850390625,0.10615778818268003,0.2720401263179833
v2-small,nyu,nyu_1162,0.06629167937085341,0.19687448821643455,0.9793489583333334,0.06354792074506119,0.333077577935196
v2-small,nyu,nyu_1163,0.03590736632891261,0.09473226229885032,0.9903255208333334,0.10958663103193478,0.3333970999595735
v2-small,nyu,nyu_1164,0.09751212748597962,0.3944682761545388,0.9698372395833333,0.052644165605600174,0.23909748868033096
v2-small,nyu,nyu_1165,0.0791627276778799,0.33583668059654603,0.9774609375,0.05006215056767152,0.24666246441956796
v2-small,nyu,nyu_1166,0.08212510706165016,0.28189488105976734,0.9731087239583334,0.091298213505835,0.2884221450700536
v2-small,nyu,nyu_1169,0.07545930185963971,0.3040311381196037,0.9608463541666666,0.0353819491902323,0.26921921648212077
v2-small,nyu,nyu_1170,0.049298639004184054,0.20101578819592422,0.985439453125,0.06938611541304958,0.26840704518334674
v2-small,nyu,nyu_1173,0.09802298381443622,0.30104789982293834,0.97669921875,0.08865893106611611,0.25969799063427884
v2-small,nyu,nyu_1174,0.07838561324305258,0.23324073515551,0.971259765625,0.0816545519959455,0.27285822779926755
v2-small,nyu,nyu_1175,0.11037831645037216,0.3111497039122847,0.9197395833333334,0.08642266134411933,0.32951684304540513
v2-small,nyu,nyu_1178,0.08508056835205693,0.32202105541085063,0.9645377604166666,0.0984097284727557,0.21517910527275153
v2-small,nyu,nyu_1179,0.09979090933911794,0.3342279390066194,0.8824381510416667,0.11267569389900337,0.17859943308254597
v2-small,nyu,nyu_1180,0.04689689706434761,0.39466904391232965,0.9681087239583334,0.08756384240119655,0.138359783297882
v2-small,nyu,nyu_1181,0.09360298762636649,0.39357322401999084,0.9374348958333333,0.07698584294390991,0.20887039822047945
v2-small,nyu,nyu_1182,0.060114525390658716,0.22720770121176262,0.9681608072916666,0.07734703973712405,0.24750565384259246
v2-small,nyu,nyu_1183,0.03638797059492238,0.16209964670254653,0.9866048177083333,0.044835000161881695,0.2455439910379261
v2-small,nyu,nyu_1191,0.04381087527525066,0.2537669562186148,0.9830338541666667,0.05430585229853366,0.20470058728014182
v2-small,nyu,nyu_1192,0.06547851885317618,0.317171134623396,0.97099609375,0.06293639126364349,0.21506322896680538
v2-small,nyu,nyu_1193,0.10665371872601309,0.5165820336459344,0.9171256510416667,0.03927004753504111,0.2309815984040647
v2-small,nyu,nyu_1194,0.04805386003319424,0.21224119605063407,0.97765625,0.07024323327826862,0.2399549389714073
v2-small,nyu,nyu_1195,0.04874173501431631,0.1331439707146296,0.9735872395833334,0.11889165056728881,0.32262928393380974
v2-small,nyu,nyu_1200,0.0906412485916036,0.2939422202838846,0.9418001302083333,0.06379886315079321,0.32573167276549825
v2-small,nyu,nyu_1201,0.05123425139892093,0.198456545905067,0.9787141927083334,0.052470463077893444,0.288362814237625
v2-small,nyu,nyu_1202,0.059988353883871116,0.17506579648506987,0.9841861979166666,0.07991186281027973,0.2987488514344633
v2-small,nyu,nyu_1203,0.10325230786927482,0.6718832924783554,0.943994140625,0.07041088598311243,0.13743988298736648
v2-small,nyu,nyu_1204,0.11788601270824967,0.8855614933711594,0.886533203125,0.0586246401204017,0.1826964160224681
v2-small,nyu,nyu_1205,0.12907890883633721,0.902058595081851,0.8921907552083334,0.046021884906964246,0.1409971273615694
v2-small,nyu,nyu_1206,0.1260672746414928,0.8930863284309358,0.8132552083333333,0.07335723941705155,0.17142065938354675
v2-small,nyu,nyu_1207,0.0808669370567931,0.611248358309619,0.9323209635416667,0.09111628773214725,0.13162713834566164
v2-small,nyu,nyu_1208,0.10082904972403674,0.5311659602342181,0.86978515625,0.09627689692452757,0.1853415292100742
v2-small,nyu,nyu_1209,0.13105694654321534,0.8472839170284738,0.8658756510416666,0.06740510215609838,0.1903533783016106
v2-small,nyu,nyu_1210,0.12329138788316857,0.7407839472500165,0.8598404947916667,0.07203221101145856,0.20224121694751296
v2-small,nyu,nyu_1211,0.17301276035706353,0.6408179788631775,0.7476432291666667,0.07431111072192431,0.22723915388340055
v2-small,nyu,nyu_1215,0.07751470965988419,0.3627174614126756,0.9839420572916666,0.05874158700081725,0.21906428382586066
v2-small,nyu,nyu_1216,0.06228206454910762,0.48721683983639713,0.9687825520833333,0.07469128843123733,0.17213156738326865
v2-small,nyu,nyu_1217,0.0894618397064077,0.2833385062540295,0.93349609375,0.06763402834926907,0.23443065666372534
v2-small,nyu,nyu_1218,0.12141262488608992,0.9459200656089144,0.8512044270833333,0.0575365215659035,0.1565552621641313
v2-small,nyu,nyu_1219,0.09762576126789856,0.5983590763037039,0.912763671875,0.06818664102929625,0.16174517098461344
v2-small,nyu,nyu_1225,0.10554463851593374,0.402114678652632,0.9569921875,0.058410071195216726,0.23327098187016693
v2-small,nyu,nyu_1226,0.07358181025771136,0.5565682707189957,0.9492350260416667,0.08131968522890037,0.12334576640631163
v2-small,nyu,nyu_1227,0.12236071340522066,0.6483464076334943,0.9241276041666666,0.08334460194257409,0.18123606338467038
v2-small,nyu,nyu_1228,0.05981486818895022,0.435089704552421,0.953369140625,0.08628058534194286,0.14853727469150652
v2-small,nyu,nyu_1229,0.05623575150293096,0.30902402200239254,0.9619140625,0.0834226278123299,0.18438439978892837
v2-small,nyu,nyu_1232,0.09137049687718496,0.2980477206684905,0.9190364583333334,0.09798647378480672,0.27726771918726134
v2-small,nyu,nyu_1233,0.09155118959486971,0.3488845442466554,0.9372493489583333,0.06915894158219389,0.270946164267716
v2-small,nyu,nyu_1234,0.088655432162457,0.40851439680512824,0.8980826822916667,0.08414912167462597,0.23744303707091416
v2-small,nyu,nyu_1246,0.09231683171755932,0.4859516029178266,0.9847819010416666,0.07221680059068367,0.1587978161813135
v2-small,nyu,nyu_1247,0.07284419681816524,0.4829691837043624,0.9745703125,0.0865788219972367,0.14620114820200764
v2-small,nyu,nyu_1248,0.0738625947455637,0.34922820429508566,0.9591145833333333,0.10318707761576269,0.2342401195904872
v2-small,nyu,nyu_1249,0.11833047162643454,0.5077641109155828,0.928173828125,0.03194625429900091,0.22377554608883807
v2-small,nyu,nyu_1253,0.09252900899964671,0.5324525035775728,0.964599609375,0.09842869951847642,0.14334652131829367
v2-small,nyu,nyu_1254,0.11076100460225884,0.8184469441451596,0.885341796875,0.05448164575970855,0.16069899607569924
v2-small,nyu,nyu_1255,0.11231489634372968,0.7286498771787031,0.889833984375,0.04633007747118611,0.15460342420956252
v2-small,nyu,nyu_1256,0.1505965899857213,0.883816730322678,0.783076171875,0.04807372294834789,0.20342433171122568
v2-small,nyu,nyu_1257,0.08957850519155194,0.4856605767487749,0.9292252604166666,0.09660313461262486,0.16662564622001366
v2-small,nyu,nyu_1258,0.06609087425451048,0.42254736961365374,0.9449837239583333,0.08827391814083435,0.15048391631654257
v2-small,nyu,nyu_1259,0.10049194850663147,0.6075126432598562,0.8955859375,0.0957084439274936,0.16212570853029382
v2-small,nyu,nyu_1260,0.07816447723413023,0.46518736287221457,0.9533040364583333,0.0891822513379663,0.14895842769184567
v2-small,nyu,nyu_1261,0.08396068038482127,0.4974312379122665,0.955390625,0.0556044384526102,0.21592740971806468
v2-small,nyu,nyu_1262,0.12926971162872664,0.6355715391026951,0.8805240885416666,0.07413635261835162,0.1566742009705177
v2-small,nyu,nyu_1263,0.08675896583078545,0.2267165112791554,0.975556640625,0.0677504033110479,0.34632358424148735
v2-small,nyu,nyu_1264,0.12997213116448345,0.9230705148008024,0.828857421875,0.0432218548228476,0.17344714734799183
v2-small,nyu,nyu_1274,0.10777561415826582,0.6370780027094408,0.873828125,0.09399844232772774,0.10898349979484968
v2-small,nyu,nyu_1275,0.1137165206751236,0.5844726322931386,0.87525390625,0.08137537959745453,0.11106812203854827
v2-small,nyu,nyu_1276,0.086563993429075,0.5597622351340316,0.9619368489583333,0.07236580291745827,0.14576218456806578
v2-small,nyu,nyu_1277,0.10023201044971547,0.7085667984514299,0.9117643229166666,0.11402879897510271,0.09418871860336317
v2-small,nyu,nyu_1278,0.11207634677031256,0.5070997511712921,0.8844986979166667,0.07819250210723931,0.19367921840151936
v2-small,nyu,nyu_1279,0.12114554484745153,0.7745211452525298,0.93005859375,0.049184586732526625,0.15097650358953965
v2-small,nyu,nyu_1284,0.07764772282205568,0.2698107421352572,0.9794661458333334,0.04179335456822116,0.30498913607099654
v2-small,nyu,nyu_1285,0.06571685170916315,0.3700441440037951,0.9655208333333334,0.08019804882518099,0.17368395344175744
v2-small,nyu,nyu_1286,0.06947733992371341,0.3464750862507877,0.96990234375,0.10089518396284017,0.17610711065157783
v2-small,nyu,nyu_1287,0.13297098474209676,0.5870977979143717,0.8778971354166667,0.06647630762975534,0.2179237633588481
v2-small,nyu,nyu_1288,0.09454114669762571,0.4888605274160246,0.9510286458333334,0.06449526597602634,0.17369042074669594
v2-small,nyu,nyu_1289,0.1113197058088803,0.5301144824178649,0.89892578125,0.0764548959124432,0.20253371803011824
v2-small,nyu,nyu_1290,0.09547800611585452,0.6290790988956224,0.963662109375,0.07326420705917347,0.16537898633916331
v2-small,nyu,nyu_1291,0.13804200873249925,0.9891171969891384,0.8059407552083333,0.05720793327941295,0.15536352071774542
v2-small,nyu,nyu_1292,0.11187925253751885,0.7688054460305674,0.8505501302083334,0.044251753781797167,0.2372645701125649
v2-small,nyu,nyu_1293,0.05678781161978923,0.18457529274964224,0.9765559895833333,0.08745288473074767,0.27495360480054487
v2-small,nyu,nyu_1294,0.0675890922483167,0.5414288079470829,0.9039388020833333,0.07821254938309519,0.22574454425039192
v2-small,nyu,nyu_1296,0.03339769199395515,0.15490514774319994,0.9810286458333334,0.05492605688372559,0.2678516507868076
v2-small,nyu,nyu_1297,0.16535868490743075,0.767081287006268,0.8559602864583333,0.10019453518897917,0.1673831502339347
v2-small,nyu,nyu_1298,0.07699504166177334,0.4481858941312632,0.97130859375,0.059188000251609175,0.1745350039438507
v2-small,nyu,nyu_1301,0.11422863663116672,0.6596051529325978,0.9182356770833333,0.04944493007020984,0.1615357876221499
v2-small,nyu,nyu_1302,0.08969623962886902,0.4012518554372854,0.8957942708333333,0.07879914825163646,0.21114632463660882
v2-small,nyu,nyu_1303,0.1280791838883879,0.9000923921797299,0.885126953125,0.06570423810540221,0.13881966751071045
v2-small,nyu,nyu_1304,0.1143047858422945,0.5452520365306591,0.899267578125,0.07576308317635368,0.19984127604186308
v2-small,nyu,nyu_1305,0.12606482321543025,0.8604690164741905,0.8582682291666667,0.161725961261127,0.07056090729044631
v2-small,nyu,nyu_1306,0.05754647043205003,0.4416198042559465,0.963515625,0.07166295165173886,0.2646203726538964
v2-small,nyu,nyu_1307,0.09168657758691932,0.4859334570113985,0.9020865885416667,0.07947289717661397,0.1466921560494734
v2-small,nyu,nyu_1313,0.0571446219479316,0.19636041383563552,0.9885807291666666,0.09454696695334022,0.2420336999060554
v2-small,nyu,nyu_1314,0.0629233347852257,0.3728054527260559,0.95109375,0.0711600849169238,0.20958475968684262
v2-small,nyu,nyu_1328,0.09848617279976973,0.5615857487684204,0.9207356770833334,0.08575248937667329,0.18934049189302243
v2-small,nyu,nyu_1329,0.06564223318310503,0.3296705731593903,0.9689876302083333,0.030356792088507452,0.2661174181172518
v2-small,nyu,nyu_1330,0.10534321390258705,0.5671427026142336,0.9486295572916666,0.04825399353613426,0.18430395366155758
v2-small,nyu,nyu_1331,0.09715696926431867,0.3707807175684664,0.8919596354166667,0.08375348793988799,0.2575694794103644
v2-small,nyu,nyu_1334,0.12793654428664056,0.7348209561379,0.8664680989583333,0.05002519040312841,0.16286080409457165
v2-small,nyu,nyu_1335,0.09798424674876932,0.5722889735553225,0.8986783854166667,0.08011445997179213,0.1454309029740158
v2-small,nyu,nyu_1336,0.12178050395122275,0.8286128011058274,0.85005859375,0.07884984567009189,0.13944353640737916
v2-small,nyu,nyu_1337,0.11203688618545975,0.7086690167689933,0.9313053385416666,0.05682712103862944,0.14727022699503833
v2-small,nyu,nyu_1338,0.19027124182590918,1.362821686294136,0.7614680989583333,0.04770115763477126,0.20219105398837564
v2-small,nyu,nyu_1339,0.11889764746251641,1.0500630777617421,0.8793912760416667,0.09134376230124672,0.11760421182473886
v2-small,nyu,nyu_1346,0.07313193106988305,0.3020339094574725,0.9514095052083333,0.12015430430716854,0.190148578437597
v2-small,nyu,nyu_1347,0.0440082359495567,0.1515572408466805,0.9795963541666667,0.10530040017484175,0.2770396480420394
v2-small,nyu,nyu_1348,0.10890446143603327,0.39588309185102943,0.9302180989583333,0.0903929450003847,0.2788213392350662
v2-small,nyu,nyu_1352,0.1628844682021733,0.97545832400109,0.7094270833333334,0.11515644371933557,0.20001248340607236
v2-small,nyu,nyu_1353,0.18643781521475475,1.3205248572557735,0.71001953125,0.1067996232469399,0.22538259998774332
v2-small,nyu,nyu_1354,0.1438763278072131,0.5382033354565439,0.8122265625,0.0633332276648452,0.2694494680656915
v2-small,nyu,nyu_1355,0.15527255258702394,0.4870849856405092,0.7787272135416666,0.04003211713912094,0.28719737399661693
v2-small,nyu,nyu_1363,0.16327248266411146,1.0365548407779752,0.7963411458333334,0.08807993668760077,0.13094458689939867
v2-small,nyu,nyu_1364,0.12411869042477001,0.7783668679095884,0.7692350260416667,0.08761873319793718,0.1851790395045804
v2-small,nyu,nyu_1367,0.11034839810720468,0.5959919808124765,0.941845703125,0.05311004031226673,0.17562949536062517
v2-small,nyu,nyu_1368,0.19372754118636965,0.8924072441595127,0.6101692708333334,0.03137283027740097,0.25314440627459894
v2-small,nyu,nyu_1383,0.1150661432176576,0.4596631437038132,0.9308463541666666,0.06537897203730107,0.23402753208557786
v2-small,nyu,nyu_1384,0.09192050579670717,0.5400128114781052,0.9260384114583333,0.07067784235580336,0.20103473433352836
v2-small,nyu,nyu_1385,0.07502044363577355,0.6350843185470488,0.9325032552083333,0.07244048228348875,0.17550779793458876
v2-small,nyu,nyu_1386,0.10774369859740257,0.6130484139705503,0.9323372395833334,0.13758279912247384,0.1293912739260487
v2-small,nyu,nyu_1387,0.06785281623583485,0.3932253130942168,0.9753971354166666,0.05742237836803517,0.20014830439729153
v2-small,nyu,nyu_1388,0.10340973355045831,0.39591955579309157,0.9585709635416667,0.02320154466939852,0.3239703442634157
v2-small,nyu,nyu_1389,0.11513712405891556,0.841542179929823,0.8360123697916667,0.07714752632603235,0.1532245734475263
v2-small,nyu,nyu_1390,0.0559775985274059,0.2223625201170704,0.9801236979166666,0.04176410234736643,0.2672224069669617
v2-small,nyu,nyu_1393,0.10078566222884207,0.6723805896239051,0.9077766927083334,0.09581250195334466,0.14955497082195807
v2-small,nyu,nyu_1394,0.09629631610436239,0.47632811704116057,0.92548828125,0.1088920256348444,0.14231861456271303
v2-small,nyu,nyu_1395,0.15111210765889532,0.7515854777979427,0.7901334635416667,0.07259841036311865,0.16081734639918185
v2-small,nyu,nyu_1396,0.1056531192371991,0.571781474289091,0.8724967447916666,0.05914643737030088,0.16784706309239142
v2-small,nyu,nyu_1397,0.09285878114795033,0.29259881437228363,0.9287044270833333,0.09203916418011308,0.2707833664310184
v2-small,nyu,nyu_1398,0.1705258432764626,0.6536992023205076,0.81609375,0.13191085240089934,0.2806717722701941
v2-small,nyu,nyu_1399,0.08137118386736615,0.409186081844968,0.9177669270833333,0.11085103924394389,0.20634539291612686
v2-small,nyu,nyu_1400,0.13339378440877692,0.6774186009717332,0.8311328125,0.10354252002321214,0.2034799789810689
v2-small,nyu,nyu_1406,0.1139731780472577,0.7419804149461365,0.9214583333333334,0.06401686323237028,0.14535646968110902
v2-small,nyu,nyu_1407,0.08848533632498072,0.5306823304853514,0.938310546875,0.08671517971511876,0.1656075563447138
v2-small,nyu,nyu_1408,0.08943165143466007,0.5808986221285828,0.95017578125,0.10725867339260277,0.13685220346004015
v2-small,nyu,nyu_1409,0.08988119386642965,0.6986068679674922,0.9335319010416666,0.06930409007618976,0.12177185606199836
v2-small,nyu,nyu_1410,0.026151949811845036,0.10017114525716982,0.9900846354166667,0.06376625110906295,0.33005107117611654
v2-small,nyu,nyu_1411,0.11983383480326637,0.7795596739669298,0.846474609375,0.06968236683496984,0.194661064740698
v2-small,nyu,nyu_1412,0.06555441604601313,0.22941415250367614,0.9439225260416667,0.07947487450526583,0.28685929945655125
v2-small,nyu,nyu_1413,0.06888575036390028,0.24555578359202998,0.9311458333333333,0.07401218556195711,0.32422798127172103
v2-small,nyu,nyu_1420,0.0978339156224618,0.6353811272349339,0.9254427083333333,0.056157628342380264,0.20157125836987985
v2-small,nyu,nyu_1421,0.05070929001142693,0.188592293789148,0.9849381510416667,0.10740608928823635,0.2504040088249896
v2-small,nyu,nyu_1422,0.05773803351371949,0.20165726643352827,0.975908203125,0.12075290726873511,0.2594310092118862
v2-small,nyu,nyu_1423,0.0697757081070624,0.4192394711169726,0.9583951822916666,0.08757073883796217,0.18842524807844216
v2-small,nyu,nyu_1429,0.06173175983258325,0.2890710746090347,0.951259765625,0.06740384700765582,0.23112512510713012
v2-small,nyu,nyu_1430,0.07442002458442941,0.36276549203171865,0.92341796875,0.1227333856337824,0.16824838185405439
v2-small,nyu,nyu_1431,0.09499375578438037,0.6118106226511727,0.91080078125,0.12569357257647978,0.11847554074226616
v2-small,nyu,nyu_1432,0.11550000726279838,0.8336220865692366,0.8920052083333333,0.09847869052776846,0.12294798023584468
v2-small,nyu,nyu_1440,0.06481811162086393,0.33602213460909525,0.9543880208333333,0.11800911004008528,0.14657320244558442
v2-small,nyu,nyu_1441,0.06269179853398817,0.27906761659108614,0.9812630208333334,0.08553211879428617,0.22607294911078316
v2-small,nyu,nyu_1442,0.09944562861192044,0.5725228777691194,0.9123828125,0.09557193519181588,0.1841202461140204
v2-small,nyu,nyu_1443,0.10074367311485943,0.4768224890316389,0.8900455729166666,0.054454296206262826,0.22534396414630176
v2-small,nyu,nyu_1444,0.06551154019593937,0.3589218640992203,0.9503548177083333,0.11087393312265688,0.15534211495940695
v2-small,nyu,nyu_1445,0.11793784283066461,0.5291365545111792,0.9092903645833333,0.13216421710635315,0.13178515925343132
v2-small,nyu,nyu_1446,0.07822802087820488,0.44025723971861785,0.9267903645833333,0.11877824409685722,0.1937685353216964
v2-small,nyu,nyu_1447,0.08914945630981959,0.6112125383438833,0.9068880208333333,0.11260672521017656,0.127583692912973
v2-small,nyu,nyu_1448,0.09860739479060122,0.6374960800671191,0.89625,0.11806927408264128,0.1624977358851979
v2-base,nyu,nyu_0000,0.08130246068266477,0.27809505516528565,0.9695670572916667,0.015987995059592676,0.3079937903492955
v2-base,nyu,nyu_0001,0.022347283599025325,0.0625041811612495,0.9960319010416666,0.0446888963743889,0.35049823848235695
v2-base,nyu,nyu_0008,0.08939289052547682,0.524193271581145,0.946953125,0.06532762699234271,0.14154282091507275
v2-base,nyu,nyu_0013,0.0767439341224946,0.2463274717141329,0.95953125,0.013394679002186525,0.3341964994441328
v2-base,nyu,nyu_0014,0.07628597886536309,0.38813916111716784,0.9697819010416666,0.05189530270752935,0.06954112176127483
v2-base,nyu,nyu_0015,0.0684409104089993,0.5526581074631411,0.9391764322916667,0.06400478121024022,0.09622458904051433
v2-base,nyu,nyu_0016,0.13249876819291437,0.759050677252732,0.8976790364583334,0.04534406468834777,0.15878734501068853
v2-base,nyu,nyu_0017,0.1026177062817798,0.5389913685622063,0.954951171875,0.05290017035219108,0.12308375592717839
v2-base,nyu,nyu_0020,0.0515112448579033,0.2850213282092379,0.9717252604166666,0.03758542375223431,0.21367896634639508
v2-base,nyu,nyu_0027,0.07701673422596186,0.43389921693479244,0.9664485677083333,0.018774899888380443,0.19076896571540636
v2-base,nyu,nyu_0028,0.09738728114645795,0.7308251017204098,0.8834765625,0.04591308199457378,0.17660117858609362
v2-base,nyu,nyu_0029,0.12512196546389528,0.6164783523827787,0.928095703125,0.02363457303760295,0.21087862596558773
v2-base,nyu,nyu_0030,0.04513716829373314,0.2888630801801209,0.9714290364583333,0.055872341732132694,0.20265245235535392
v2-base,nyu,nyu_0031,0.10347872755292757,0.4928747109713668,0.8613346354166667,0.03821927175740162,0.26318251689381095
v2-base,nyu,nyu_0032,0.034379954763002714,0.09767177492497857,0.97380859375,0.019844919426349385,0.5459419443549205
v2-base,nyu,nyu_0033,0.06909148658724502,0.25939541899754043,0.9801041666666667,0.02479248892796749,0.2934283443772031
v2-base,nyu,nyu_0034,0.16472399522670106,0.9364192151783081,0.7260904947916667,0.024732868029535213,0.16196170856355
v2-base,nyu,nyu_0035,0.14913305783030875,0.8322445210528593,0.7599674479166667,0.014404299455972798,0.1857782044353566
v2-base,nyu,nyu_0036,0.0981834176096763,0.4104484967405331,0.9851595052083333,0.028185131314744996,0.22734157545007339
v2-base,nyu,nyu_0037,0.06754564771330375,0.4395395863476221,0.923095703125,0.05703733110868043,0.221167462721946
v2-base,nyu,nyu_0038,0.11957045524713553,0.42340806549645865,0.8572005208333333,0.032714459173461066,0.25249904236662424
v2-base,nyu,nyu_0039,0.08743699306745246,0.29028914705393116,0.9255013020833334,0.012545643154484044,0.3419496255506013
v2-base,nyu,nyu_0040,0.15212311055694522,0.41450971190422975,0.8643294270833334,0.040998013389411773,0.31266632315393117
v2-base,nyu,nyu_0041,0.01894732761113864,0.06150644272534429,0.9929850260416667,0.021547549916765645,0.42799395724586564
v2-base,nyu,nyu_0042,0.09841305684497825,0.337136461232131,0.9651399739583333,0.017499734352797235,0.34755615336235773
v2-base,nyu,nyu_0045,0.09409011778488854,0.212938888996382,0.8836848958333333,0.06264062080939026,0.5389456287610744
v2-base,nyu,nyu_0046,0.17054458064181427,0.541444993287998,0.78189453125,0.04648358574533126,0.38714559315065183
v2-base,nyu,nyu_0055,0.09075680222337998,0.25867515800535534,0.9697819010416666,0.03624235757954472,0.34322896020997573
v2-base,nyu,nyu_0056,0.04458185144645332,0.12870313698527933,0.9694889322916667,0.06151416305607687,0.37730790688848737
v2-base,nyu,nyu_0058,0.07979308460146323,0.2407121453005204,0.95623046875,0.04059156504721759,0.326060879288769
v2-base,nyu,nyu_0059,0.09478508924180366,0.2438045394512805,0.965732421875,0.04543307240854554,0.2930054724018539
v2-base,nyu,nyu_0060,0.06369688289860473,0.16086196108700213,0.98263671875,0.03758723911117627,0.3752968844020606
v2-base,nyu,nyu_0061,0.04894240416743116,0.10487450193588901,0.9999934895833333,0.046621051148115995,0.3856547940209817
v2-base,nyu,nyu_0062,0.03113886107681098,0.09901681365903323,0.99162109375,0.03189311464057213,0.3778831251428951
v2-base,nyu,nyu_0075,0.11962441197068778,0.3944722358655083,0.97259765625,0.03279984183839189,0.28376752854946996
v2-base,nyu,nyu_0076,0.10655353488728596,0.3257544779768619,0.9560091145833334,0.027102364332143462,0.29552432559446945
v2-base,nyu,nyu_0077,0.05110645309303181,0.15903668052189024,0.973662109375,0.04909855726803139,0.3479544348274898
v2-base,nyu,nyu_0078,0.08805953132861268,0.30148370099042066,0.957919921875,0.03306180364886507,0.34128237174879517
v2-base,nyu,nyu_0083,0.15678786262993358,0.9126597735569209,0.77017578125,0.054561138658693255,0.12473097703568396
v2-base,nyu,nyu_0084,0.0755081808653556,0.30138641095344865,0.9538346354166667,0.05402937389991232,0.21800374147561988
v2-base,nyu,nyu_0085,0.09329322813403339,0.7877888470491856,0.8962630208333333,0.05077272791397603,0.08568811804259029
v2-base,nyu,nyu_0086,0.19163808271439453,1.3136214709676195,0.7043489583333333,0.04927942515227576,0.13693789527123978
v2-base,nyu,nyu_0087,0.235534278540992,1.948891000267219,0.6007389322916666,0.07476132742649753,0.12858003413710473
v2-base,nyu,nyu_0088,0.21047038981406843,1.2153289053468417,0.6487174479166666,0.05011876148383579,0.09760334113501452
v2-base,nyu,nyu_0089,0.23834189115553173,1.3934744277291506,0.5556022135416666,0.051587270390506076,0.12425532545904756
v2-base,nyu,nyu_0090,0.1607597743172292,1.2080639999493716,0.8092936197916667,0.044197041212890045,0.11114432881998365
v2-base,nyu,nyu_0116,0.14663209399664578,1.0580613225153268,0.769921875,0.04423506106822869,0.08450608374864178
v2-base,nyu,nyu_0117,0.150870695512702,1.0857728672244684,0.758115234375,0.045751023192603144,0.07761069536710116
v2-base,nyu,nyu_0118,0.2169717516094748,1.515647152531029,0.5505631510416666,0.041251388964065064,0.1077302210039939
v2-base,nyu,nyu_0124,0.1787219929911499,0.5300609935380524,0.68728515625,0.028816325740433357,0.4488020988887003
v2-base,nyu,nyu_0125,0.1159470411629154,0.3634768161798593,0.9684342447916666,0.058915906876990026,0.33829806277660235
v2-base,nyu,nyu_0126,0.10250689992008176,0.22048531228842225,0.9679622395833334,0.07166920883477904,0.4234414525516603
v2-base,nyu,nyu_0127,0.02799830503552156,0.040625985838348797,0.9994791666666667,0.054427721709331967,0.7019005731607801
v2-base,nyu,nyu_0128,0.038222705805499066,0.06671717927443364,0.9806966145833333,0.06983205507040705,0.5733331405751906
v2-base,nyu,nyu_0130,0.05190756504893931,0.11725223998788105,0.9763313802083333,0.05546991025719913,0.35031726195020446
v2-base,nyu,nyu_0131,0.04416870174280356,0.07375457675566681,0.988544921875,0.05674441438076919,0.5586940930988349
v2-base,nyu,nyu_0132,0.05086235856995184,0.08619200257184043,0.9769108072916667,0.051203411343677,0.609806501091465
v2-base,nyu,nyu_0133,0.09016108895947492,0.430298339644951,0.8885286458333334,0.05555452503541144,0.36251319279316196
v2-base,nyu,nyu_0136,0.08967743198084023,0.2237340025824775,0.9884016927083333,0.04095167942696937,0.41954291331040544
v2-base,nyu,nyu_0152,0.07382481996292656,0.22670784193497887,0.9435872395833333,0.042363998077367064,0.28865254845925603
v2-base,nyu,nyu_0153,0.06020561840988499,0.19415620395593686,0.974482421875,0.026164028281845095,0.3193878771159595
v2-base,nyu,nyu_0154,0.14728797215647702,0.4142526451505293,0.78869140625,0.050822637015220044,0.3196154781133113
v2-base,nyu,nyu_0166,0.07172712121547126,0.29447934154995187,0.9429459635416667,0.0546565348982387,0.2385019559110439
v2-base,nyu,nyu_0167,0.015414257835156875,0.033467904214420814,0.999970703125,0.03587911887070875,0.5620921500416015
v2-base,nyu,nyu_0168,0.06476396103275808,0.16988956389787316,0.97513671875,0.02543244115954613,0.427872125360581
v2-base,nyu,nyu_0170,0.1378074195782638,0.9438333323567811,0.7909895833333334,0.030937919455425393,0.25824587508648905
v2-base,nyu,nyu_0171,0.11122143735659568,0.8648546473823993,0.8497233072916667,0.043951855422314556,0.21817014070520194
v2-base,nyu,nyu_0172,0.08339352394869012,0.41876898706665094,0.967529296875,0.058606738521516245,0.18754506599050152
v2-base,nyu,nyu_0173,0.08846631402577738,0.3644329813681664,0.915625,0.04149815821274113,0.18579597154667257
v2-base,nyu,nyu_0174,0.10742618634608812,0.27280754874374036,0.9589973958333333,0.08066695022577414,0.2723745577940631
v2-base,nyu,nyu_0175,0.05046541415946759,0.1384906502014298,0.954267578125,0.04131638898137276,0.414532974543426
v2-base,nyu,nyu_0179,0.06643605376259933,0.18949745739387852,0.9839876302083334,0.04639165352055591,0.25100290065612857
v2-base,nyu,nyu_0180,0.05716682683312917,0.1630684986984904,0.9737630208333333,0.05544295251524093,0.2974090307964725
v2-base,nyu,nyu_0181,0.05500183367094774,0.20792673239710488,0.9748567708333333,0.0372362866251523,0.3362053833935271
v2-base,nyu,nyu_0182,0.04506068592851384,0.12125718164842209,0.9782584635416667,0.04700004534846461,0.3322327477278255
v2-base,nyu,nyu_0183,0.03466508069893012,0.10856321337311636,0.9588606770833333,0.03668517277562024,0.4813404197955106
v2-base,nyu,nyu_0184,0.08159884954995487,0.21823115116844594,0.9594563802083333,0.049779929393077335,0.34690937663387644
v2-base,nyu,nyu_0185,0.09245700704513489,0.6289288658085495,0.90236328125,0.022941225447506736,0.396655883359106
v2-base,nyu,nyu_0186,0.03475669642702146,0.08175492383731678,0.9871028645833333,0.05335866994671148,0.3971654069378022
v2-base,nyu,nyu_0187,0.02992049905576641,0.08211179564519692,0.9988313802083333,0.03774849914166019,0.39830100831880766
v2-base,nyu,nyu_0188,0.035097512763731714,0.10061663520810381,0.9883333333333333,0.04854186266438668,0.3648457441863149
v2-base,nyu,nyu_0189,0.08513872436231312,0.24526115959671035,0.9705013020833333,0.03663638747242657,0.31244989162428227
v2-base,nyu,nyu_0190,0.0780771471491112,0.15130181437341012,0.98267578125,0.03094554261838223,0.5224313385031061
v2-base,nyu,nyu_0191,0.03549062207571241,0.09460601038343557,0.989775390625,0.023810324366722962,0.44768885787645024
v2-base,nyu,nyu_0192,0.029249224894326666,0.11241914495689034,0.987275390625,0.04228921284372235,0.299357902878597
v2-base,nyu,nyu_0193,0.019398281181358275,0.04538098241028909,0.9993001302083333,0.04771243968957475,0.4151738958476894
v2-base,nyu,nyu_0194,0.050841930229606105,0.18042731814205612,0.9391666666666667,0.05155191639003596,0.6696596648642786
v2-base,nyu,nyu_0195,0.06731138471604092,0.18659954201196188,0.979716796875,0.06109695718200509,0.4639246623700918
v2-base,nyu,nyu_0196,0.02323113508579367,0.037894305332132006,0.9955501302083334,0.059755014816115094,0.7182635272108756
v2-base,nyu,nyu_0197,0.06548399054685114,0.11225425643416058,0.985126953125,0.06658333493020528,0.46689256957017883
v2-base,nyu,nyu_0198,0.07072698447509826,0.3081251295639033,0.936005859375,0.041077946350249674,0.32328313772974415
v2-base,nyu,nyu_0199,0.1334931247819269,0.4828728144280443,0.8512369791666666,0.08946187704674045,0.1817116547869185
v2-base,nyu,nyu_0200,0.11280985968377635,0.6991017796893115,0.83806640625,0.05902502612151782,0.17899536271423813
v2-base,nyu,nyu_0201,0.09235868243052554,0.3955705286959957,0.895732421875,0.03439690028310764,0.31854361255519503
v2-base,nyu,nyu_0206,0.07272660859061994,0.49379994319098225,0.9642838541666666,0.056370502851038014,0.16971136743669726
v2-base,nyu,nyu_0207,0.05612810590332429,0.28573530880458403,0.9708268229166667,0.04067084897340199,0.22523151935460478
v2-base,nyu,nyu_0208,0.0794551698780684,0.23429279150143945,0.960517578125,0.023275130015568316,0.3621162524875558
v2-base,nyu,nyu_0209,0.07595577868867837,0.497419004517585,0.9299186197916667,0.04620273713280346,0.2022768455403991
v2-base,nyu,nyu_0210,0.07146731388002647,0.2860426337055814,0.9589420572916667,0.04711463192346602,0.22985771159382157
v2-base,nyu,nyu_0211,0.07050393902083578,0.2751714564951402,0.9517643229166667,0.05369369557820912,0.21694200511469214
v2-base,nyu,nyu_0219,0.20618917566635503,0.5598550907046642,0.589892578125,0.031624318224054836,0.3512165934362537
v2-base,nyu,nyu_0220,0.09853280259430866,0.4913252487447913,0.9490169270833333,0.03623471087599411,0.1925375680105328
v2-base,nyu,nyu_0221,0.09790325876354185,0.3801048604722174,0.9540266927083333,0.054431439174388425,0.20504134956998127
v2-base,nyu,nyu_0249,0.07723314704845538,0.11598388528973792,0.9639322916666667,0.0857070474359102,0.41398163520659736
v2-base,nyu,nyu_0263,0.06488070097164475,0.190067858651048,0.9713248697916667,0.04218995704771493,0.3227874558125771
v2-base,nyu,nyu_0270,0.13034643338222057,0.48089192716409435,0.9109147135416666,0.045907154710651155,0.23309608784866342
v2-base,nyu,nyu_0271,0.14425036622100257,1.0431228652329152,0.7624283854166667,0.02748064763104046,0.1355663954148266
v2-base,nyu,nyu_0272,0.12353450116446008,0.9706777430668153,0.8871549479166667,0.02154654580974604,0.10133251191065036
v2-base,nyu,nyu_0278,0.1995006021909672,1.3778382104385858,0.611357421875,0.024563850006668646,0.15859294903659987
v2-base,nyu,nyu_0279,0.056413614801371706,0.2492812390757882,0.9794466145833334,0.0486733566331883,0.23049439250117773
v2-base,nyu,nyu_0280,0.1357695809096335,0.4776240792027703,0.83357421875,0.017279658779572615,0.2953457654698824
v2-base,nyu,nyu_0281,0.055853326494452724,0.2279185887573239,0.9684016927083333,0.037318417046323264,0.2858388424330598
v2-base,nyu,nyu_0282,0.05115668570229555,0.14894334643431414,0.9725390625,0.04069978241550411,0.37732787768330317
v2-base,nyu,nyu_0283,0.14472427312363345,0.7368111918702154,0.7813313802083334,0.03126551625517697,0.19453962209492945
v2-base,nyu,nyu_0284,0.10273906294990588,0.4665337116975579,0.92765625,0.036705898436420255,0.201551250850001
v2-base,nyu,nyu_0295,0.09831143497264726,0.5987917934438939,0.9172428385416667,0.04503737835339345,0.15902354641414673
v2-base,nyu,nyu_0296,0.07144555889525711,0.33638673568906297,0.9883072916666666,0.03441991426253653,0.16900176196289168
v2-base,nyu,nyu_0297,0.12440704934865532,0.5300039752698842,0.8508203125,0.035716945876327705,0.22988315395421696
v2-base,nyu,nyu_0298,0.11246960019416728,0.5922653861955366,0.9524251302083333,0.029039843187690935,0.17423187437364138
v2-base,nyu,nyu_0299,0.14201161237664123,0.6189966075473872,0.804365234375,0.03724208949964045,0.20009304377158663
v2-base,nyu,nyu_0300,0.15369355839948412,0.9617259860906746,0.77091796875,0.03613541549145575,0.14928371910877938
v2-base,nyu,nyu_0301,0.19407311622005335,0.7938658365978322,0.7778385416666667,0.03183212611628342,0.21213672962518826
v2-base,nyu,nyu_0309,0.15137625349447636,0.8398471442782223,0.8025748697916667,0.03234185450645494,0.168976888687042
v2-base,nyu,nyu_0310,0.07954351942522017,0.785516849224266,0.9223079427083334,0.040063973322710854,0.14497808294132494
v2-base,nyu,nyu_0311,0.06793659594901819,0.38388163163210626,0.9721223958333334,0.0394867393443308,0.18575635973840235
v2-base,nyu,nyu_0314,0.12805260910086236,0.5784123468120187,0.9643033854166667,0.029631194565841627,0.22103357666258674
v2-base,nyu,nyu_0315,0.2012140111520927,1.0254777157573582,0.6201692708333333,0.029236193523515894,0.19321777171154816
v2-base,nyu,nyu_0316,0.11896682679956277,0.7082293408010021,0.94494140625,0.03569864590151584,0.16293500724423654
v2-base,nyu,nyu_0324,0.054307188007521344,0.20298806858010235,0.9882259114583334,0.037165432767750875,0.2626314992631412
v2-base,nyu,nyu_0325,0.06282798255134586,0.3809171793389009,0.9733268229166666,0.04504044794227184,0.18410759934333878
v2-base,nyu,nyu_0326,0.11411929450061474,0.542750224544001,0.955283203125,0.026449812189434492,0.19150264651413793
v2-base,nyu,nyu_0327,0.10650222572415244,0.4991425212385088,0.8914453125,0.02380734746462482,0.26371804510997604
v2-base,nyu,nyu_0328,0.06797603522808635,0.42051645970148116,0.9458756510416667,0.04300429035924305,0.17565298323968956
v2-base,nyu,nyu_0329,0.07179223372958032,0.39864604725138714,0.9594368489583334,0.0522787451076385,0.18390627119074127
v2-base,nyu,nyu_0330,0.17262738410621542,1.1111535276961102,0.7652408854166667,0.029728432691424524,0.14088853682020247
v2-base,nyu,nyu_0331,0.1004582054586295,0.6005743384792535,0.9504524739583333,0.034665803955089995,0.16495897216033115
v2-base,nyu,nyu_0332,0.10537232804559608,0.7732620361301736,0.9131998697916667,0.04608671239471061,0.1280480327240865
v2-base,nyu,nyu_0333,0.148443236787901,1.0322218529567802,0.7431184895833334,0.035172333135189394,0.13225319144864506
v2-base,nyu,nyu_0334,0.12182260196145639,0.8596844300390982,0.8564127604166667,0.028786685242858323,0.1448411503633438
v2-base,nyu,nyu_0350,0.10823933840307061,0.9432398148818968,0.887236328125,0.02645422246797585,0.15876631222130225
v2-base,nyu,nyu_0351,0.0543521536180652,0.6320275674242861,0.9530338541666666,0.035496369890175176,0.09138196822107
v2-base,nyu,nyu_0354,0.09616844597796187,0.5666789465614284,0.9546321614583333,0.02470400245113097,0.17585552372578203
v2-base,nyu,nyu_0355,0.10574048836482929,0.3977853758471303,0.9405240885416667,0.05746964712722537,0.1487313678197724
v2-base,nyu,nyu_0356,0.0607344719985596,0.37849014471733433,0.9674544270833333,0.03639557843977719,0.20161778296303187
v2-base,nyu,nyu_0357,0.06188099696097143,0.3716233007598888,0.931455078125,0.04445186305580231,0.16277665511595268
v2-base,nyu,nyu_0358,0.05533645555253404,0.19261477991609982,0.9826888020833333,0.02439215256851295,0.2883061624050264
v2-base,nyu,nyu_0359,0.06140073805812799,0.2047485959688886,0.976748046875,0.058350479669723045,0.2798918699991531
v2-base,nyu,nyu_0360,0.14571695582657015,0.2637626053539468,0.882431640625,0.05154691435365845,0.5395677556254399
v2-base,nyu,nyu_0361,0.034930565831499054,0.162131460580843,0.980234375,0.04968675973411862,0.25975218891403934
v2-base,nyu,nyu_0362,0.07748740313204133,0.38624552772837545,0.967490234375,0.024215860932750247,0.20303083937224722
v2-base,nyu,nyu_0363,0.06308476337168117,0.2906206074553334,0.960166015625,0.045635678037402115,0.21985009935892977
v2-base,nyu,nyu_0383,0.05450543116384574,0.2047616060839369,0.98029296875,0.04217451463546546,0.20777829600100056
v2-base,nyu,nyu_0384,0.04054060821757454,0.12169925724955066,0.9830240885416667,0.05192265647170089,0.301533931401113
v2-base,nyu,nyu_0385,0.05013459784432303,0.2043455035418883,0.9784798177083334,0.038577275740930075,0.2738747328755146
v2-base,nyu,nyu_0386,0.07562902926840827,0.3109603229422344,0.9461328125,0.05582158381912587,0.15825529608125097
v2-base,nyu,nyu_0387,0.08623150415349769,0.41591434286871265,0.8899348958333333,0.03540684627645106,0.23242731174434622
v2-base,nyu,nyu_0388,0.07683472458948405,0.24908120439638265,0.9684602864583334,0.04678334876493978,0.33855341428047747
v2-base,nyu,nyu_0389,0.10175878523403495,0.3492309232938943,0.9177766927083333,0.06254631247306702,0.2361536617001018
v2-base,nyu,nyu_0394,0.08061502355022918,0.2632796669882977,0.9556184895833333,0.03679469295728196,0.32548394806015096
v2-base,nyu,nyu_0395,0.06856430495514315,0.2678738283521532,0.9562565104166667,0.05534285361039431,0.21612994363431418
v2-base,nyu,nyu_0396,0.10606620444254057,0.3342053779479922,0.8875911458333333,0.0366178424041639,0.27183350629630776
v2-base,nyu,nyu_0410,0.1220416204225564,0.678138044989876,0.8981998697916667,0.037381604221000786,0.1886937906970868
v2-base,nyu,nyu_0411,0.09565278626898444,0.31882152332068486,0.9595149739583333,0.042743109620984585,0.2565781172269756
v2-base,nyu,nyu_0412,0.06974316297340648,0.20305741871868715,0.988681640625,0.014762017573426208,0.40606043390337265
v2-base,nyu,nyu_0413,0.1126867031965709,0.7872126433299443,0.930302734375,0.04718886470446562,0.19772708672885395
v2-base,nyu,nyu_0429,0.11541259456951987,0.908001265570488,0.8976139322916666,0.03299787058917953,0.12372767096703151
v2-base,nyu,nyu_0430,0.10546604403234391,0.9837928697226617,0.88599609375,0.03244537579783034,0.17203137080093053
v2-base,nyu,nyu_0431,0.12617914926945586,0.6724362017494155,0.911513671875,0.05258341802867029,0.1986727560285335
v2-base,nyu,nyu_0432,0.07814795759553518,0.391354369500773,0.9559635416666666,0.02754828069662045,0.18476135710079203
v2-base,nyu,nyu_0433,0.05817481078812007,0.2693504071068204,0.9575423177083333,0.03130622024478351,0.20349062077822147
v2-base,nyu,nyu_0434,0.04501155195357584,0.30063085402362694,0.9645182291666666,0.054102661339845315,0.19617224461468644
v2-base,nyu,nyu_0440,0.12957885513004366,0.5662106595034897,0.9282975260416667,0.025700047744198824,0.32668833662347496
v2-base,nyu,nyu_0441,0.09684653473517421,0.5034713976866764,0.9119173177083333,0.010089543088502403,0.28606977251229126
v2-base,nyu,nyu_0442,0.07366980168317785,0.5966852059800585,0.8894791666666667,0.04124454219518611,0.17141396214428464
v2-base,nyu,nyu_0443,0.04949961423029665,0.316137861703566,0.9489388020833334,0.03343555018377749,0.22100253212126866
v2-base,nyu,nyu_0444,0.08952162777217683,0.40673984527577256,0.9508984375,0.030893053902733232,0.22586918910352796
v2-base,nyu,nyu_0445,0.07227293747482792,0.32459763041566053,0.98591796875,0.03689071017575333,0.25167055925296317
v2-base,nyu,nyu_0446,0.056822832300046526,0.2063795043669475,0.9698274739583334,0.03806528661059425,0.25138853916843307
v2-base,nyu,nyu_0447,0.026079141045982766,0.07281639644350489,0.997509765625,0.05341989483522105,0.3211269107714919
v2-base,nyu,nyu_0461,0.1200690957297842,0.4057541312407739,0.8836328125,0.030186450738830178,0.29010988228457263
v2-base,nyu,nyu_0462,0.06857057772324246,0.2829797646245471,0.9548404947916667,0.031710913577077456,0.27215906347080204
v2-base,nyu,nyu_0463,0.11600163608835738,0.42971807486713526,0.9156217447916667,0.022013681241821334,0.25770856094796607
v2-base,nyu,nyu_0464,0.13268678600199835,0.9504880221499933,0.833779296875,0.029536309073965632,0.18597034095537224
v2-base,nyu,nyu_0465,0.12353255126081794,0.729607464802724,0.8040234375,0.031717391917164134,0.19543590554562196
v2-base,nyu,nyu_0468,0.11696592039848383,0.8218355341898653,0.8576041666666666,0.06981704762928037,0.11863205250098957
v2-base,nyu,nyu_0469,0.08362095311879113,0.3340422466229579,0.93072265625,0.04375870452025126,0.2227076150347765
v2-base,nyu,nyu_0470,0.05827681052397825,0.2483482181986663,0.969111328125,0.071852824136155,0.2571189393707734
v2-base,nyu,nyu_0471,0.04177043497642145,0.20070032035236518,0.981279296875,0.05199434719248232,0.2646276203037069
v2-base,nyu,nyu_0472,0.08548430249499527,0.350040471588236,0.9711328125,0.02098653377753037,0.25358918022894433
v2-base,nyu,nyu_0473,0.06438951076923591,0.26591932532441326,0.9555989583333333,0.044257362226845266,0.23395291996115772
v2-base,nyu,nyu_0474,0.07857036409477487,0.30964240620298805,0.9527018229166667,0.05463958089446451,0.23383201441320636
v2-base,nyu,nyu_0475,0.04630391216375948,0.18890046576946382,0.9720052083333334,0.060049551325835795,0.2165361638974308
v2-base,nyu,nyu_0476,0.101596525875752,0.29584621111100556,0.9058430989583334,0.037133953826556015,0.29967128833995615
v2-base,nyu,nyu_0507,0.13409148665384094,0.3088387472147822,0.7768098958333334,0.03630017852327424,0.33765453338924695
v2-base,nyu,nyu_0508,0.14771873147879067,0.3833633477056539,0.827880859375,0.07154990323229317,0.338341787520947
v2-base,nyu,nyu_0509,0.2217147288583927,0.6013924465816118,0.639013671875,0.04078100685102655,0.48829230709263616
v2-base,nyu,nyu_0510,0.1022026636408665,0.27543024715898673,0.9482096354166667,0.054277435923547376,0.36968375557159866
v2-base,nyu,nyu_0511,0.08411424675548694,0.1680316798725066,0.9750325520833333,0.05800619226246909,0.37459613728174296
v2-base,nyu,nyu_0512,0.0806739652518576,0.21700113401796828,0.885185546875,0.049886793621579516,0.40339079068200495
v2-base,nyu,nyu_0514,0.13702703580011275,0.6306846305464401,0.8231380208333333,0.0599270323606224,0.23609775582769404
v2-base,nyu,nyu_0515,0.09380461099621203,0.30450217673762564,0.8848274739583334,0.0345084782431498,0.2718416463888638
v2-base,nyu,nyu_0516,0.1705506020540423,0.4129021411210995,0.74708984375,0.06054854545402952,0.2901441269401162
v2-base,nyu,nyu_0517,0.05869515410267428,0.2170435745423204,0.9724283854166667,0.05150196604866306,0.3166392155733702
v2-base,nyu,nyu_0518,0.11367908598897539,0.3075893396685551,0.9219889322916667,0.045440988215054524,0.3122270638124099
v2-base,nyu,nyu_0519,0.06456066197243156,0.24951535892073745,0.9734765625,0.031248320274452197,0.27243641932167617
v2-base,nyu,nyu_0520,0.05553371844837423,0.21997647188484928,0.9682356770833334,0.04332859582773127,0.28030703116961303
v2-base,nyu,nyu_0521,0.060291703324948154,0.21759013174347955,0.9538411458333333,0.03872297765211947,0.27659897143503953
v2-base,nyu,nyu_0522,0.055438623552809665,0.263916857115692,0.9803255208333334,0.022964199565057866,0.24327900262937055
v2-base,nyu,nyu_0523,0.08997116108619287,0.28203336762850145,0.9626399739583333,0.024829500258206478,0.32036616121532496
v2-base,nyu,nyu_0524,0.05049220649280869,0.16048162777747144,0.9694791666666667,0.015108903161719547,0.3858136335477656
v2-base,nyu,nyu_0525,0.029856306553623573,0.11051685856110205,1.0,0.026196525776671205,0.24934263439703389
v2-base,nyu,nyu_0530,0.06740906137263075,0.2022217337361173,0.9771907552083333,0.05379545382166165,0.29405124664251425
v2-base,nyu,nyu_0531,0.04620258867552904,0.16491282655918763,0.9714778645833333,0.027674826147314112,0.283723972112472
v2-base,nyu,nyu_0532,0.06836374112746463,0.2137153411001777,0.9856315104166666,0.023792997619075183,0.31122032468242894
v2-base,nyu,nyu_0536,0.04506692636587983,0.16975370900834408,0.9863639322916666,0.05240495151084233,0.23361235752807888
v2-base,nyu,nyu_0537,0.0779381615888034,0.2969380288830778,0.9702604166666666,0.03462630086343864,0.2930436143241479
v2-base,nyu,nyu_0538,0.05937096489531963,0.16195856855703333,0.9526627604166666,0.05138537653686059,0.3538637166926549
v2-base,nyu,nyu_0548,0.047929461255070055,0.4839428895282341,0.9723014322916667,0.03150032330525364,0.26307306514339257
v2-base,nyu,nyu_0549,0.03994062098196114,0.18912450111167833,0.9652571614583333,0.031204545524833645,0.2584035415990642
v2-base,nyu,nyu_0550,0.04389759297814944,0.18181453996613853,0.9850227864583333,0.04144542271686332,0.24457274821935332
v2-base,nyu,nyu_0554,0.06155327439808785,0.18967012041626374,0.9821256510416667,0.036897003772415664,0.306344351247362
v2-base,nyu,nyu_0555,0.04631727128514225,0.14767364631761062,0.9730110677083333,0.04021760983698739,0.3148335945891137
v2-base,nyu,nyu_0556,0.05270034987927444,0.12316192932234,0.9771451822916667,0.045574617081497217,0.4162539825148653
v2-base,nyu,nyu_0557,0.030948352487005882,0.08292594022551138,0.9968196614583333,0.03174759236577337,0.40015436230218715
v2-base,nyu,nyu_0558,0.11535467438790595,0.21844247880120393,0.9373111979166666,0.07098799234099862,0.2584309953531924
v2-base,nyu,nyu_0559,0.063340871738275,0.12905487403348545,0.979892578125,0.044582833650607466,0.42422530739474185
v2-base,nyu,nyu_0560,0.03807921374691247,0.10097296998915875,0.9864388020833333,0.07552029736601387,0.38924739253900825
v2-base,nyu,nyu_0561,0.09039675980491223,0.27526242209461127,0.9408333333333333,0.06007475811241718,0.22012901172462368
v2-base,nyu,nyu_0562,0.09342514437739828,0.26151926948798193,0.9571158854166667,0.0675197165122597,0.29851749929676824
v2-base,nyu,nyu_0563,0.04987360481627381,0.2389870468479025,0.9682975260416666,0.048864218525023435,0.18882488656469654
v2-base,nyu,nyu_0564,0.046387695859803894,0.1707016793375185,0.979072265625,0.05526266819704021,0.22552164126877608
v2-base,nyu,nyu_0565,0.07979753969782985,0.26717224816210816,0.9522102864583334,0.032472377756201064,0.31344050829354636
v2-base,nyu,nyu_0566,0.09928806799499525,0.29266771050715196,0.927578125,0.039660519931150766,0.2942245979698771
v2-base,nyu,nyu_0567,0.05690211781146077,0.23982877114824802,0.9628645833333334,0.03631397511605239,0.25231049876451583
v2-base,nyu,nyu_0568,0.07062220334367852,0.22288425623811395,0.967802734375,0.04309778089221452,0.27858860321911405
v2-base,nyu,nyu_0569,0.042701909982272364,0.1603672536823184,0.9807779947916667,0.05580229259203935,0.26987850784150486
v2-base,nyu,nyu_0570,0.04634369198797733,0.11874311448154899,0.97970703125,0.053191192933911516,0.33123157312288304
v2-base,nyu,nyu_0578,0.1138815623383974,0.5881329914330934,0.8729329427083333,0.041224891707977065,0.21007652440631228
v2-base,nyu,nyu_0579,0.07393058319034009,0.3119362314533022,0.963828125,0.02603800606619281,0.24947739970405727
v2-base,nyu,nyu_0580,0.06007165979117919,0.2748966941346448,0.9674251302083333,0.035767532964380254,0.2128695500839237
v2-base,nyu,nyu_0581,0.07888920928750814,0.39876206059098734,0.9528255208333334,0.03128455461896621,0.19502441635835865
v2-base,nyu,nyu_0582,0.08473071785050716,0.43248771043377904,0.9713248697916667,0.04071478545915106,0.1814602195007444
v2-base,nyu,nyu_0590,0.06669772101196525,0.2614559864827705,0.97236328125,0.033879781487066024,0.2834115089817281
v2-base,nyu,nyu_0591,0.09637722262574772,0.3132281905842708,0.963505859375,0.02195260752661383,0.3129891337765007
v2-base,nyu,nyu_0592,0.09641780208402323,0.3454477678906662,0.8920149739583333,0.04195873717574542,0.28309216163662004
v2-base,nyu,nyu_0593,0.05083978322994592,0.3030544634876249,0.97009765625,0.03494498431376572,0.1915452367141896
v2-base,nyu,nyu_0602,0.06537989594739324,0.5009708578295123,0.9636881510416667,0.05326727151912484,0.12530135683052415
v2-base,nyu,nyu_0603,0.0947699388093984,0.46057941121382756,0.946435546875,0.0610437806228332,0.1560181931925034
v2-base,nyu,nyu_0604,0.09534541659279823,0.4925134894844932,0.887705078125,0.035303923850828506,0.22338218131209206
v2-base,nyu,nyu_0605,0.06757312682540138,0.36129022444233444,0.9450813802083333,0.036606486253951825,0.26446829485288126
v2-base,nyu,nyu_0606,0.06629920043298859,0.24968415668870486,0.9665657552083333,0.03974910593872007,0.277172462893176
v2-base,nyu,nyu_0611,0.08460992240088694,0.28842861659599695,0.964560546875,0.030741959996393436,0.2566985975062727
v2-base,nyu,nyu_0612,0.06354623543452986,0.26104951343677113,0.9757454427083333,0.03152196134986276,0.25453975766101716
v2-base,nyu,nyu_0616,0.0740788392641362,0.2272249097441333,0.94876953125,0.049543556343132344,0.21715424402572528
v2-base,nyu,nyu_0617,0.07821155322470506,0.3486206618185932,0.9219401041666667,0.045368757734140626,0.2612177959581529
v2-base,nyu,nyu_0618,0.04718819286435059,0.18733858962159303,0.9604557291666667,0.04127645051911119,0.3513921326673397
v2-base,nyu,nyu_0619,0.18115260383459733,0.5351325830444948,0.7472102864583333,0.04849085350580531,0.23741905492552878
v2-base,nyu,nyu_0620,0.04373590965677543,0.14104744061162416,0.976474609375,0.05693730790299522,0.3357473348379698
v2-base,nyu,nyu_0632,0.11324674384605092,0.9084703213111615,0.8240006510416666,0.026647551089841924,0.1549268105477969
v2-base,nyu,nyu_0633,0.10975694609579614,0.40642509807708105,0.960400390625,0.019380846044307756,0.23272580171407
v2-base,nyu,nyu_0634,0.1123861051553713,0.626714919738564,0.86244140625,0.03325373303943096,0.15643853474332065
v2-base,nyu,nyu_0635,0.11589681015978023,0.3515322049145544,0.9037434895833333,0.058310115054253875,0.15541158584484166
v2-base,nyu,nyu_0636,0.05687016463405689,0.16442723924824257,0.9685709635416667,0.05265653293050359,0.30393268230954085
v2-base,nyu,nyu_0637,0.08116197982481746,0.30905876044956576,0.9505436197916667,0.045360680994518524,0.2593980424332334
v2-base,nyu,nyu_0643,0.05978774295986928,0.16362246576137518,0.9893294270833334,0.043394702650697586,0.3574630671588975
v2-base,nyu,nyu_0644,0.10682317442808428,0.2722692448051384,0.9776041666666667,0.05051607506804272,0.30744202280322586
v2-base,nyu,nyu_0649,0.2472273034293715,0.6632137630475234,0.6580078125,-0.017914584333296363,0.649453652363713
v2-base,nyu,nyu_0650,0.09435371477981545,0.2192374676641296,0.8867154947916667,0.03021221876142158,0.4966043918757426
v2-base,nyu,nyu_0655,0.1629846076062731,0.49473181720737575,0.7355110677083333,0.008638356571930024,0.47259606630782214
v2-base,nyu,nyu_0656,0.20074154711600728,0.6007885446967747,0.6239876302083334,0.03805381118966221,0.40107648647041994
v2-base,nyu,nyu_0657,0.070400811109249,0.10841319763411165,0.9671256510416667,0.07733145409883875,0.5236695622672084
v2-base,nyu,nyu_0662,0.09567786246744824,0.3884197072985507,0.9068424479166667,0.052532560870713126,0.3489336573737411
v2-base,nyu,nyu_0663,0.09446432067903951,0.22777049917697575,0.907392578125,0.022911068169391497,0.5597906257191173
v2-base,nyu,nyu_0667,0.11603079407131651,0.9684893488649137,0.8617252604166666,0.036765016286941676,0.16550376688529297
v2-base,nyu,nyu_0668,0.037655521853898734,0.23265730471353976,0.97419921875,0.0409546993983861,0.1991110319811807
v2-base,nyu,nyu_0669,0.27141658102609906,1.6366936200793385,0.5493391927083333,0.07704413090194137,0.09117713473691394
v2-base,nyu,nyu_0670,0.26630608205972656,1.099235536850743,0.6713802083333333,0.04475523987846021,0.22375726302672888
v2-base,nyu,nyu_0671,0.13844685033071955,0.7678906646122552,0.8515006510416666,0.0367173279315188,0.2534061462187865
v2-base,nyu,nyu_0672,0.05815253002076163,0.19479272717318336,0.983896484375,0.029525812943780667,0.283261871051903
v2-base,nyu,nyu_0675,0.15525155909583416,0.3127686282189743,0.8224967447916667,0.002945151567971252,0.5452300259603153
v2-base,nyu,nyu_0676,0.04036844091158658,0.0713051503784839,0.9834928385416667,0.05956851038181118,0.46516812426874393
v2-base,nyu,nyu_0677,0.08887086645411726,0.193780931335456,0.96494140625,0.05449219418490557,0.34533017556366946
v2-base,nyu,nyu_0678,0.16668054926258974,0.6499886818572962,0.8089485677083333,0.03537385008047464,0.5093559412318368
v2-base,nyu,nyu_0679,0.09251663179574987,0.33265637426576905,0.8643619791666667,0.0615372491029233,0.265806205869844
v2-base,nyu,nyu_0680,0.11178267948643096,0.3152104083659999,0.816630859375,0.031114533134239786,0.33494457555545737
v2-base,nyu,nyu_0685,0.056957637056952136,0.29779360918697423,0.9385579427083334,0.03253598334623863,0.23554906330997324
v2-base,nyu,nyu_0686,0.12407021087319427,0.6214284132395227,0.8103190104166667,0.050268367223632295,0.23773213870338777
v2-base,nyu,nyu_0687,0.1677963221625924,0.43237675761040195,0.68671875,0.03198701717889251,0.474192111344797
v2-base,nyu,nyu_0688,0.028020783607802382,0.0674547407075807,0.988212890625,0.03793158041869935,0.41347445396736315
v2-base,nyu,nyu_0689,0.08777308776725386,0.14218594165292037,0.967626953125,0.08783810905023196,0.3087235799496924
v2-base,nyu,nyu_0692,0.15629534718662208,0.6049227089849482,0.8392643229166666,0.05336162017055174,0.2531921945942692
v2-base,nyu,nyu_0693,0.04575441504825018,0.08510316087371672,0.9844303385416666,0.05378544973179574,0.4766805504013951
v2-base,nyu,nyu_0696,0.23172101176554785,1.048509650874329,0.79541015625,0.06697159571502145,0.31684549896504693
v2-base,nyu,nyu_0697,0.06536873663863796,0.1774855088805629,0.97087890625,0.04182298330009195,0.31524394141453205
v2-base,nyu,nyu_0698,0.0697631180513337,0.24711196712735514,0.9363671875,0.04770377477024045,0.26936911972742184
v2-base,nyu,nyu_0705,0.08596098027080247,0.23930121750441066,0.9402278645833333,0.08230573920814306,0.24338543712166416
v2-base,nyu,nyu_0706,0.05636347115905784,0.14021563046924473,0.9606412760416667,0.06087051805215579,0.3909435424385239
v2-base,nyu,nyu_0707,0.12219073397944821,0.43727063541897576,0.88568359375,0.0602561604250369,0.35967603755627925
v2-base,nyu,nyu_0708,0.09200696479798821,0.2520655572189416,0.9322395833333333,0.060316617415321766,0.3304770496826125
v2-base,nyu,nyu_0709,0.24066538305813068,0.5799300195940236,0.6492838541666667,0.07871169131436477,0.30637851606630173
v2-base,nyu,nyu_0710,0.04473720676607522,0.16081625720209375,0.98640625,0.062137841629523266,0.2881438531003521
v2-base,nyu,nyu_0711,0.1243140955523819,0.4585525876988274,0.7920442708333333,0.023882114128403728,0.2803656618546783
v2-base,nyu,nyu_0712,0.09565328541395698,0.29128028554627095,0.9027864583333334,0.01553573761837489,0.3748086357952193
v2-base,nyu,nyu_0716,0.10742145799369605,0.4168238673822131,0.8820084635416666,0.07668708988805394,0.3111209269599197
v2-base,nyu,nyu_0717,0.06465747652210148,0.15453938354997818,0.97236328125,0.07131268423487076,0.39047834969065304
v2-base,nyu,nyu_0723,0.15361548702052533,0.697594411918012,0.7636555989583333,0.0542503102458444,0.18050689507004394
v2-base,nyu,nyu_0724,0.16370901967426846,0.6576421836505971,0.7519368489583333,0.035293937394841525,0.3106207314522366
v2-base,nyu,nyu_0725,0.08843989751910217,0.2419359214354357,0.9008984375,0.03414714400026113,0.38127530996260084
v2-base,nyu,nyu_0726,0.1812279728860222,0.9836905076609372,0.793759765625,0.050792756377235355,0.2870940538001189
v2-base,nyu,nyu_0727,0.11607806350609522,0.3205380330758591,0.840009765625,0.06863975888911679,0.28403979663857415
v2-base,nyu,nyu_0730,0.3458373294744052,0.8603721831055633,0.17376627604166667,0.05945473914564424,0.2548930463226429
v2-base,nyu,nyu_0731,0.0264417616549573,0.059023774234684495,0.9993196614583333,0.05781831311290269,0.370916846049487
v2-base,nyu,nyu_0732,0.07646840814278069,0.18262505217681943,0.9762532552083333,0.04599626360416633,0.3884794970671869
v2-base,nyu,nyu_0733,0.13621169844946238,0.33496612744567256,0.8593391927083334,0.07704356364296035,0.4729533839042206
v2-base,nyu,nyu_0742,0.2298458846193713,0.6671620907682453,0.5244889322916667,0.03810703737016767,0.32801298956870006
v2-base,nyu,nyu_0743,0.07281296547760002,0.1718787967376458,0.9549837239583333,0.06816138747028001,0.3508839602748598
v2-base,nyu,nyu_0758,0.02635737647574794,0.07341912312852725,0.9981770833333333,0.04328404526154118,0.3144183308041374
v2-base,nyu,nyu_0759,0.07494297100120999,0.350796631104526,0.954736328125,0.05931627403487398,0.14299960368038658
v2-base,nyu,nyu_0760,0.10418238146904991,0.3636364639050034,0.88974609375,0.07120300541364692,0.26227861098484556
v2-base,nyu,nyu_0761,0.12572161405538748,0.6735623261386381,0.8472330729166667,0.024368064486289455,0.2696280363056516
v2-base,nyu,nyu_0762,0.04666085801782726,0.19286177578165736,0.9837337239583334,0.04014632916701625,0.2615282584829419
v2-base,nyu,nyu_0763,0.11604768013043001,0.6923079900951011,0.90876953125,0.05327734695403665,0.16223853766303412
v2-base,nyu,nyu_0764,0.04485420262268411,0.12321678449076158,0.9827473958333334,0.044911340781785,0.42660303110573605
v2-base,nyu,nyu_0765,0.08568922139631945,0.6106696350385431,0.9180631510416667,0.036227512697286246,0.17436230095724684
v2-base,nyu,nyu_0766,0.07081960035628362,0.40346328754090555,0.9264811197916667,0.0474264155041137,0.2066967037914923
v2-base,nyu,nyu_0767,0.11368782434202267,0.5500299677076633,0.9234733072916667,0.04794905347501582,0.19241210486287935
v2-base,nyu,nyu_0768,0.07061684782679326,0.2436753741002441,0.966669921875,0.06127586336185877,0.24654797298696562
v2-base,nyu,nyu_0769,0.0610601633935447,0.15151076057304919,0.98236328125,0.03477768247535588,0.3932003396092235
v2-base,nyu,nyu_0770,0.03989650699562701,0.1722056702482032,0.9755533854166667,0.04693917423083809,0.3638799708866988
v2-base,nyu,nyu_0771,0.09424949086604827,0.36206727195598426,0.9248697916666667,0.057844805645713024,0.21902169620940723
v2-base,nyu,nyu_0772,0.10400724692872623,0.49005822810150457,0.9437890625,0.0541293389829481,0.2127542139956009
v2-base,nyu,nyu_0773,0.0745507994118595,0.2763225163347727,0.9490950520833333,0.053796443421814,0.27782603707583736
v2-base,nyu,nyu_0774,0.052770681997780004,0.16043353334460161,0.9865397135416667,0.05335889489860794,0.3507603882070751
v2-base,nyu,nyu_0775,0.07540158557782899,0.18295889278169794,0.9420833333333334,0.035482133579532754,0.4186493858555223
v2-base,nyu,nyu_0776,0.03327825076463008,0.1584433464698405,0.9878580729166667,0.028388385865156057,0.28549048061805393
v2-base,nyu,nyu_0777,0.04833548939757392,0.31019272423221705,0.9686751302083333,0.04312309807258109,0.14234787477760927
v2-base,nyu,nyu_0778,0.06317164877530031,0.3825110675736711,0.9744856770833333,0.04537024642884326,0.18446880021820275
v2-base,nyu,nyu_0779,0.0618038820901119,0.43333792628699414,0.9619303385416667,0.04756595459252557,0.121692672809973
v2-base,nyu,nyu_0780,0.06966557873633993,0.3819336196400735,0.960439453125,0.05155277692190624,0.14494790362775858
v2-base,nyu,nyu_0781,0.09355735310772563,0.45877244039411447,0.9410970052083333,0.039048561705394794,0.18999326402851302
v2-base,nyu,nyu_0782,0.1463162322665131,0.7988908562607373,0.86859375,0.051766531607213256,0.1568456013348123
v2-base,nyu,nyu_0783,0.17507287841751784,1.3816743746206208,0.8019173177083333,0.047683462342611595,0.20098449937335833
v2-base,nyu,nyu_0784,0.13812060334923934,1.1447398910888256,0.8128385416666667,0.07211953409750782,0.16218787707500368
v2-base,nyu,nyu_0785,0.10503058289290343,0.6204433106712229,0.9126302083333333,0.060378342542312315,0.1527130332830363
v2-base,nyu,nyu_0786,0.11317511070586969,0.9087159081000105,0.8786946614583333,0.06091047591193196,0.13486539312200552
v2-base,nyu,nyu_0799,0.0747378184654017,0.16790681096642465,0.9790559895833333,0.07265769835063143,0.3752851819420008
v2-base,nyu,nyu_0800,0.11211080890706304,0.945324315878735,0.9088997395833334,0.053965601663287566,0.11021998428096107
v2-base,nyu,nyu_0801,0.14093709673451008,1.0912038469935772,0.8280859375,0.027679432138906817,0.138804720190084
v2-base,nyu,nyu_0802,0.1139899247793074,0.561309734032557,0.952333984375,0.05413824240127903,0.17861731840527076
v2-base,nyu,nyu_0803,0.08845880947409047,0.47677501814372975,0.8723177083333333,0.0632495457250656,0.17440825320150177
v2-base,nyu,nyu_0809,0.1933168786879968,0.7661222818689982,0.777705078125,0.07930712527541738,0.1456128718965044
v2-base,nyu,nyu_0810,0.15096030159550117,0.9322691039186527,0.7204850260416666,0.03883541063673053,0.17137397900533768
v2-base,nyu,nyu_0811,0.08842430833028668,0.5822267799160427,0.9264680989583334,0.0656735990581931,0.13983018847623174
v2-base,nyu,nyu_0812,0.10457132259335565,0.42657975730416225,0.92193359375,0.07142580525970352,0.17826822391588323
v2-base,nyu,nyu_0813,0.09009805749937692,0.40456787318979776,0.938310546875,0.025685430671141016,0.26848281225813164
v2-base,nyu,nyu_0820,0.06613933859112107,0.4267706354229457,0.9470670572916666,0.0600882693472341,0.18098278607630422
v2-base,nyu,nyu_0821,0.17348923338604919,0.9037977995203491,0.7106966145833333,0.06059140584273671,0.19109795457914552
v2-base,nyu,nyu_0822,0.12376679183446646,0.48933863444385933,0.8691438802083333,0.05889940263512185,0.251764036379056
v2-base,nyu,nyu_0832,0.14171073295038092,0.649406300387837,0.9011555989583333,0.07169232719814934,0.15206596515252893
v2-base,nyu,nyu_0833,0.09441245317186543,0.41910503120791215,0.9402669270833334,0.06013698848725639,0.14097006837426518
v2-base,nyu,nyu_0834,0.11157564391140849,0.4809194531849245,0.91091796875,0.07201819155979788,0.1574007822063078
v2-base,nyu,nyu_0835,0.15436743189542154,0.6664692141523111,0.8018587239583334,0.05749483003718647,0.15910316795007065
v2-base,nyu,nyu_0836,0.1268220877368283,0.7621672183689964,0.8259016927083334,0.042053512047077656,0.210944034501893
v2-base,nyu,nyu_0837,0.08730524430308771,0.20706576601037036,0.933271484375,0.05201896146794084,0.35924224841185054
v2-base,nyu,nyu_0838,0.088083042813162,0.6667883076878751,0.9369889322916667,0.0704132848115254,0.12639729664359936
v2-base,nyu,nyu_0839,0.138721154827921,0.7034610201518907,0.8814583333333333,0.08048991906841217,0.1984881154026821
v2-base,nyu,nyu_0840,0.13511379949345786,0.6349157392200856,0.82974609375,0.08081741406915055,0.19619771536830685
v2-base,nyu,nyu_0841,0.05933115817723223,0.33579682506603914,0.9552376302083333,0.040135698375273386,0.17167293207277884
v2-base,nyu,nyu_0842,0.09871421416138931,0.39452922713770877,0.8431282552083333,0.04707009565459541,0.2809413545954686
v2-base,nyu,nyu_0843,0.09170234947093704,0.4085442460705128,0.9664095052083334,0.0349641961973835,0.26611478699089736
v2-base,nyu,nyu_0844,0.07400407232005787,0.2959732630992862,0.9632161458333334,0.040371567419769924,0.23085624844752595
v2-base,nyu,nyu_0845,0.038526987822105785,0.06916453749226531,0.9884505208333333,0.0745239061430477,0.40214403199261567
v2-base,nyu,nyu_0849,0.1178499799492429,0.5564416991049264,0.90365234375,0.03168006105305111,0.19601436252011287
v2-base,nyu,nyu_0850,0.09698545690022763,0.4219625086308985,0.938349609375,0.05910871104686835,0.18764728622093182
v2-base,nyu,nyu_0851,0.06098628848085237,0.3179063372942696,0.9513541666666666,0.056282460466459835,0.2216233842089575
v2-base,nyu,nyu_0856,0.055893007472275186,0.3065161494068054,0.9620963541666666,0.07080446017813567,0.15155824665079287
v2-base,nyu,nyu_0857,0.11214943647331937,0.7251258870663342,0.8643587239583334,0.0760519696464914,0.21233837560406454
v2-base,nyu,nyu_0858,0.11786276187919648,0.7917931020751215,0.8075944010416667,0.08349245795334298,0.21150061532005157
v2-base,nyu,nyu_0859,0.06591076910950641,0.5387280383941396,0.9504036458333334,0.047988696779199556,0.14963286726388475
v2-base,nyu,nyu_0860,0.15338466616684576,0.9566853535164968,0.7294596354166667,0.06489485000542894,0.20384429069720025
v2-base,nyu,nyu_0861,0.08033045786832224,0.5647259494147937,0.9458951822916667,0.050272234721148744,0.2038931990910968
v2-base,nyu,nyu_0868,0.039977999587498016,0.19951253343403966,0.97734375,0.03275464579665174,0.23517735015755678
v2-base,nyu,nyu_0869,0.03304050502551683,0.1925444812052896,0.9841015625,0.03363931747817244,0.1867511247719343
v2-base,nyu,nyu_0870,0.02134569543993006,0.09842558983492772,0.9899544270833334,0.0440607083143005,0.280878618430725
v2-base,nyu,nyu_0905,0.08754183991661793,0.5330618517201653,0.9282942708333334,0.0547164207406135,0.1187836978714277
v2-base,nyu,nyu_0906,0.07084456569421599,0.35297726838845644,0.9505110677083334,0.06798279023345248,0.2161736188243924
v2-base,nyu,nyu_0907,0.10073879059258176,0.558674109420944,0.9094108072916667,0.05440587127808371,0.17557140972208585
v2-base,nyu,nyu_0916,0.11081819671854423,0.6724255816875656,0.8674609375,0.02229484858741412,0.20867441624230512
v2-base,nyu,nyu_0917,0.05620775770059692,0.2889647814504214,0.9723046875,0.03748317848163907,0.18104767567812868
v2-base,nyu,nyu_0918,0.05685901494017527,0.4093096000708467,0.9488802083333333,0.045693705332529665,0.13143565048862718
v2-base,nyu,nyu_0925,0.10457856317110463,0.3465922403805974,0.960751953125,0.047269250460590474,0.25662705200393426
v2-base,nyu,nyu_0926,0.05835039198486366,0.42562346484264896,0.946259765625,0.03827266311162118,0.2287991962877323
v2-base,nyu,nyu_0927,0.05474130415917132,0.14602518520773744,0.9790397135416666,0.053393196045195095,0.3996243373840566
v2-base,nyu,nyu_0931,0.0841686939966717,0.27252830749602397,0.9631412760416667,0.03573206692634855,0.26965567492622927
v2-base,nyu,nyu_0932,0.10609138411302071,0.3879860880125787,0.9282552083333333,0.012259993731751498,0.30971604671052017
v2-base,nyu,nyu_0933,0.03731224227741996,0.16866690815400626,0.9837467447916667,0.04643131599057867,0.275801971429179
v2-base,nyu,nyu_0934,0.0438748648527517,0.15339660531234012,0.9751888020833334,0.03987071539311938,0.30231627912626824
v2-base,nyu,nyu_0944,0.060317108672825984,0.30338341610784136,0.9750032552083333,0.036886167273909705,0.2433215590748535
v2-base,nyu,nyu_0945,0.07073321199128227,0.24652354246949593,0.9726529947916667,0.04226805352039001,0.28853528776680326
v2-base,nyu,nyu_0946,0.08904324212373008,0.39565763642855817,0.96662109375,0.028258945585751063,0.19954475293104168
v2-base,nyu,nyu_0958,0.07216352319156938,0.31630136841264633,0.9762630208333334,0.02512104532478214,0.22971596066956934
v2-base,nyu,nyu_0959,0.07326576314988213,0.36890341603160653,0.9350423177083333,0.057376082000613164,0.2118671234208447
v2-base,nyu,nyu_0960,0.07051998062069018,0.2589063601090421,0.979814453125,0.012293960269656458,0.3118211009394548
v2-base,nyu,nyu_0961,0.07820608969392874,0.2742405479193792,0.9880110677083334,0.013631298537523786,0.32008482844027447
v2-base,nyu,nyu_0964,0.08549848603466795,0.2917381865260489,0.9540983072916667,0.02274779727679481,0.2704603086269498
v2-base,nyu,nyu_0965,0.05160042942179561,0.18129559851089933,0.97052734375,0.04670761162550147,0.2974809866518073
v2-base,nyu,nyu_0966,0.05638893002116222,0.17766759006996916,0.9876822916666667,0.04888929321156299,0.31591866454561435
v2-base,nyu,nyu_0969,0.09587575356653816,0.43700648775573453,0.9799967447916667,0.01613474721648375,0.23094783237003091
v2-base,nyu,nyu_0970,0.07970405868302452,0.35017352317687456,0.9122102864583334,0.023256151771487255,0.22502711408337855
v2-base,nyu,nyu_0971,0.09038317085236076,0.3614599786669558,0.967412109375,0.029854446958034395,0.21151914334573768
v2-base,nyu,nyu_0972,0.06881088125541161,0.2506886992091686,0.9755208333333333,0.04178219056921436,0.25447871062587063
v2-base,nyu,nyu_0973,0.1102420428178695,0.28526362906871244,0.8755794270833334,0.04809068263690664,0.2374618821027989
v2-base,nyu,nyu_0974,0.042911628414358145,0.1886116186617987,0.9752473958333333,0.025651536594282234,0.25477535373283466
v2-base,nyu,nyu_0975,0.047109109591112884,0.24096809968836064,0.9765201822916667,0.025713552709669414,0.21902244593473139
v2-base,nyu,nyu_0976,0.04216925400653488,0.18023444813291228,0.9837141927083334,0.029972627316145105,0.21294898818692548
v2-base,nyu,nyu_0990,0.10699455289275896,0.45318965010221374,0.84900390625,0.06076760034049066,0.20427946048428788
v2-base,nyu,nyu_0991,0.06301264773619868,0.2772403173680651,0.9652506510416666,0.025360933990631773,0.22447043936600247
v2-base,nyu,nyu_0992,0.10639792387450131,0.4559314793583562,0.9537825520833333,0.03106251421905835,0.22428965684636137
v2-base,nyu,nyu_0993,0.06283314614540585,0.2532963812593986,0.9536979166666667,0.022928607146543562,0.2673869849758641
v2-base,nyu,nyu_0994,0.06089501963456086,0.22198748048571132,0.9740397135416666,0.03810353191189309,0.3120261068931809
v2-base,nyu,nyu_1000,0.07146858292069319,0.26655015129277015,0.9584375,0.062015581054701306,0.22293012466259618
v2-base,nyu,nyu_1001,0.05486260433947879,0.2792071897115136,0.9567024739583333,0.04642880673018376,0.2066224772449993
v2-base,nyu,nyu_1002,0.04670288620232313,0.2887261628330654,0.9725455729166667,0.05789577532704877,0.2048128732223662
v2-base,nyu,nyu_1003,0.06926604471161295,0.35587152434615305,0.947275390625,0.04360534272003948,0.24957630361835775
v2-base,nyu,nyu_1009,0.0534462189875112,0.25640731957173446,0.9722884114583333,0.03864686790532551,0.22001713497454325
v2-base,nyu,nyu_1010,0.04595925620033093,0.22772912034626125,0.9597623697916666,0.03599592685424028,0.25009710446414946
v2-base,nyu,nyu_1011,0.049488726212096004,0.21737389377086275,0.978310546875,0.039815752297975564,0.27397332772011224
v2-base,nyu,nyu_1020,0.09165839889242901,0.28421985582381387,0.872802734375,0.056816682640513046,0.21340182385044879
v2-base,nyu,nyu_1021,0.08197586450841575,0.39537440995993745,0.9391276041666666,0.02417223444381629,0.22359078306153488
v2-base,nyu,nyu_1022,0.05618034009531311,0.252068680748783,0.9804752604166667,0.03741853927617201,0.21960891688123724
v2-base,nyu,nyu_1031,0.1291697879237519,0.4274988001779375,0.8532779947916667,0.03309491353938185,0.2784219051513665
v2-base,nyu,nyu_1032,0.0449521656607718,0.16436560283408475,0.987646484375,0.025654762616458073,0.2968174136360423
v2-base,nyu,nyu_1033,0.04462603401693076,0.18329114375951228,0.974521484375,0.03345184699656251,0.25504696146301414
v2-base,nyu,nyu_1037,0.04380546204772095,0.1407778119704329,0.982763671875,0.06287866391354338,0.22413308406746726
v2-base,nyu,nyu_1038,0.026342346081579572,0.13119215981541088,0.9926790364583333,0.027998300326705222,0.2290675264783623
v2-base,nyu,nyu_1047,0.08211300059128653,0.2931671442391629,0.95599609375,0.07067971753766637,0.2188565652179448
v2-base,nyu,nyu_1048,0.08392168841045096,0.4650695760451347,0.9524283854166666,0.03186591550337236,0.202035317258949
v2-base,nyu,nyu_1051,0.05695409794978593,0.22531053476607152,0.9868619791666666,0.03222385115394001,0.2600537230031333
v2-base,nyu,nyu_1052,0.05031486636166625,0.1141061534488601,0.983515625,0.05646960878886558,0.37112905764626936
v2-base,nyu,nyu_1056,0.03831164855009684,0.18202520816260306,0.98068359375,0.028851528740012927,0.22512552062824343
v2-base,nyu,nyu_1057,0.04947743314311009,0.18726754531108505,0.9703287760416667,0.028694978429011073,0.2955773504355818
v2-base,nyu,nyu_1074,0.20427316354787003,0.6680293836975042,0.6152473958333333,0.01537002216045079,0.29639068290265635
v2-base,nyu,nyu_1075,0.12604833788174916,0.46848582253297455,0.9190266927083334,0.02038779124289975,0.26413686437607986
v2-base,nyu,nyu_1076,0.07398564063839595,0.3459310922519492,0.9188541666666666,0.05910979699094719,0.1794720067107563
v2-base,nyu,nyu_1077,0.20590764894090072,0.5268367303634338,0.6108756510416666,0.016421636163336834,0.38339369387801064
v2-base,nyu,nyu_1078,0.08900792050385065,0.36481812248924483,0.9484895833333333,0.04950533976869764,0.21502658797119492
v2-base,nyu,nyu_1079,0.04596873832479494,0.21662800066704804,0.9758203125,0.027637353054123,0.23147398496149663
v2-base,nyu,nyu_1080,0.26164125509075487,1.0016289089011534,0.517509765625,0.02718039611065166,0.3005142025020795
v2-base,nyu,nyu_1081,0.11887758827485279,0.5494484140062725,0.8983561197916666,0.029016747138439988,0.22864806919092376
v2-base,nyu,nyu_1082,0.047034056566427035,0.15835716634396846,0.9879850260416667,0.0241562148830059,0.32640321005271844
v2-base,nyu,nyu_1083,0.14118093279912614,0.4206237835689812,0.8944270833333333,0.04617454273017841,0.2951695239832501
v2-base,nyu,nyu_1087,0.08009254818822115,0.28238060023587835,0.9188118489583333,0.05052651185782116,0.2931577175195678
v2-base,nyu,nyu_1088,0.06332078149306998,0.2975572996651269,0.956435546875,0.04890461616620858,0.2213272963845839
v2-base,nyu,nyu_1089,0.058125335403657136,0.2351012515468246,0.9360416666666667,0.053475015285125625,0.23640566273502361
v2-base,nyu,nyu_1090,0.09409620115363045,0.2815248911564927,0.9630533854166666,0.048989770424786444,0.2625579796158977
v2-base,nyu,nyu_1091,0.058059942666890914,0.1968349952590181,0.9785970052083334,0.038993601464366326,0.27363284920824016
v2-base,nyu,nyu_1092,0.046669252773460304,0.20157976576054334,0.9619368489583333,0.04664288238333996,0.26618180607435377
v2-base,nyu,nyu_1093,0.08284297528055902,0.285955240362408,0.9624739583333334,0.040960645799692955,0.28152052242248
v2-base,nyu,nyu_1094,0.05874536497546951,0.21049259756636685,0.9687174479166667,0.049320829814430325,0.2785701955113881
v2-base,nyu,nyu_1095,0.04469869608645859,0.14667738122972307,0.9778776041666667,0.05212634450594727,0.28421241690140364
v2-base,nyu,nyu_1097,0.12311647152497232,0.47501300885070574,0.8892805989583333,0.01822615833650012,0.27971222026083137
v2-base,nyu,nyu_1098,0.07138048340088167,0.30274667395694355,0.9812076822916667,0.02695104039027768,0.2372388363657033
v2-base,nyu,nyu_1099,0.07741989108427601,0.3730694757604672,0.9686165364583333,0.04286876303042344,0.2418116528538956
v2-base,nyu,nyu_1100,0.0856582694641854,0.34467731642958616,0.9693489583333333,0.04471663892814204,0.22403307638604011
v2-base,nyu,nyu_1101,0.08501864426419246,0.2784032732221186,0.8990885416666666,0.040075199026007105,0.25207323082679095
v2-base,nyu,nyu_1102,0.06361686518397862,0.2709268176049975,0.9874088541666667,0.03456129077846137,0.25884881300560697
v2-base,nyu,nyu_1103,0.0535730894386394,0.22194482128597437,0.9728450520833334,0.03843099284832079,0.2522386710047752
v2-base,nyu,nyu_1105,0.0711930019247644,0.2975861676343037,0.970048828125,0.05342118722569114,0.20692645310923993
v2-base,nyu,nyu_1106,0.06620126001793254,0.3526401930831654,0.97599609375,0.024413551111605734,0.19662116106774868
v2-base,nyu,nyu_1107,0.08178035234084986,0.40645279091154685,0.9800065104166666,0.02420331801860856,0.2010796317510948
v2-base,nyu,nyu_1108,0.047697305361615296,0.17892593026439318,0.9786295572916667,0.04747242123888714,0.23035721590837188
v2-base,nyu,nyu_1116,0.10663170291737491,0.46310364570454027,0.9425358072916666,0.028773579260899657,0.2237416691181454
v2-base,nyu,nyu_1117,0.07323560961493725,0.19284012374673512,0.9496158854166666,0.03676760035629615,0.3796802371787539
v2-base,nyu,nyu_1118,0.06371326182820103,0.17296587270787303,0.9338053385416667,0.05225995912980161,0.36021420427054246
v2-base,nyu,nyu_1122,0.04973202424838581,0.22667496368145681,0.9749544270833334,0.04590738534022329,0.2831565096285316
v2-base,nyu,nyu_1123,0.054236908553166006,0.23341774414646266,0.9801041666666667,0.022759711352393346,0.24147195018260098
v2-base,nyu,nyu_1124,0.04095663007039995,0.17687646737874113,0.97818359375,0.033521330281709096,0.25300852852254563
v2-base,nyu,nyu_1125,0.043856275506329034,0.11479393357094432,0.98302734375,0.03838926293520148,0.3566689470977091
v2-base,nyu,nyu_1126,0.14777404524354276,0.6034116436023411,0.8418391927083333,0.02151199206890306,0.23853294030160083
v2-base,nyu,nyu_1127,0.1119168179535761,0.29427479842021614,0.9461002604166666,0.061735458200835126,0.28545925344524564
v2-base,nyu,nyu_1128,0.11919381176899319,0.4664760309990272,0.8681705729166667,0.02047760616376752,0.2618435450240457
v2-base,nyu,nyu_1129,0.06371015590829393,0.344588320133651,0.9572233072916667,0.048091272784731624,0.17374657803343063
v2-base,nyu,nyu_1130,0.048160705904897474,0.22868586172933064,0.97185546875,0.042155448609583486,0.2697660646638514
v2-base,nyu,nyu_1134,0.049713458131676914,0.1781682982591756,0.9816634114583334,0.0278496125246034,0.2798616437661597
v2-base,nyu,nyu_1135,0.05847903044950833,0.1645043642719971,0.9784016927083333,0.02709835717637572,0.3606182876510313
v2-base,nyu,nyu_1143,0.13846964914101786,0.36804806621063507,0.8386458333333333,0.04078990299012253,0.3189194105020937
v2-base,nyu,nyu_1144,0.0687571973236756,0.36840008691910764,0.9157161458333334,0.029075371331584,0.19970016834995513
v2-base,nyu,nyu_1145,0.06811407810981411,0.3634636900307576,0.961826171875,0.052474779457849195,0.1604103854301511
v2-base,nyu,nyu_1146,0.09113538586290128,0.3179262364701847,0.9597200520833333,0.031403214537471816,0.2763645249079853
v2-base,nyu,nyu_1147,0.06347745311713564,0.24617860588307164,0.98501953125,0.032981602009953086,0.2854592858582703
v2-base,nyu,nyu_1148,0.03991709551699489,0.09138976238524571,0.9821875,0.07241151297576902,0.3322937851590954
v2-base,nyu,nyu_1149,0.07137966244719046,0.37387144850957527,0.9715787760416666,0.03151407900313913,0.17420510854438803
v2-base,nyu,nyu_1150,0.04091311545513632,0.2309567683843663,0.9800358072916666,0.02995561585859638,0.18478116637216116
v2-base,nyu,nyu_1151,0.07148407092375997,0.2206886094691786,0.9889127604166666,0.02519453865253902,0.3229079805274958
v2-base,nyu,nyu_1152,0.05251663632583856,0.1357820576940267,0.9808854166666666,0.06440793879977937,0.3288765980784245
v2-base,nyu,nyu_1153,0.04934807644012868,0.14846664335766047,0.9800390625,0.03111201903064301,0.37342739266594216
v2-base,nyu,nyu_1154,0.11072571688612996,0.2695261281180777,0.8859049479166666,0.017843347679149923,0.511627534729499
v2-base,nyu,nyu_1155,0.06989500799665702,0.1736602237566849,0.9781184895833334,0.057961261349305244,0.2899031371312924
v2-base,nyu,nyu_1156,0.03895883325845648,0.17355756089982494,0.9816829427083333,0.03151316656724144,0.2869472237381055
v2-base,nyu,nyu_1157,0.03488417604299026,0.08657243435716512,0.9995833333333334,0.05287471509168756,0.2968296531210418
v2-base,nyu,nyu_1161,0.026382051486207158,0.10871794622302368,0.9887858072916667,0.05350174184684719,0.2890256182094328
v2-base,nyu,nyu_1162,0.04893813660610895,0.15731123458378096,0.98033203125,0.034036379731951026,0.31747869134295387
v2-base,nyu,nyu_1163,0.0360776522721145,0.07845664115078263,0.9982454427083334,0.05289898940421309,0.31869106281553694
v2-base,nyu,nyu_1164,0.06503595496647745,0.30754585601977014,0.981328125,0.02995096365789331,0.22444237254834876
v2-base,nyu,nyu_1165,0.04948253146066754,0.23687169093529173,0.9769205729166667,0.025925020785048332,0.2307553054394967
v2-base,nyu,nyu_1166,0.06994851044989886,0.25186412109553813,0.9788118489583333,0.047411224260067025,0.2853000689443591
v2-base,nyu,nyu_1169,0.08772755483585064,0.34691219149099184,0.9546028645833333,0.014522505234015604,0.28786202142765716
v2-base,nyu,nyu_1170,0.035791961176193314,0.1696649136703619,0.98736328125,0.033245039502234085,0.28017785112709603
v2-base,nyu,nyu_1173,0.06851705789632985,0.24780527987832612,0.9769205729166667,0.04344926234676725,0.24722197372055285
v2-base,nyu,nyu_1174,0.048219908791757575,0.1630834658031503,0.9781119791666667,0.04345407702987624,0.2594952085377892
v2-base,nyu,nyu_1175,0.10710307319991005,0.31405711253137003,0.9168229166666667,0.042845691721207974,0.32371337467264993
v2-base,nyu,nyu_1178,0.062347141306694595,0.266068525145363,0.9729915364583334,0.044808441492196815,0.21233485924227857
v2-base,nyu,nyu_1179,0.09306063211270997,0.3189800110620147,0.8930631510416667,0.05659565088451385,0.18761489737656112
v2-base,nyu,nyu_1180,0.04334249906234326,0.32330265236706734,0.96845703125,0.04071257244178976,0.13229456059568379
v2-base,nyu,nyu_1181,0.07781729377233385,0.34586322040299067,0.9528287760416667,0.038052000492135134,0.2036818393032445
v2-base,nyu,nyu_1182,0.06906334840107815,0.2415135312679475,0.9705989583333333,0.037970468298431696,0.26275792685495536
v2-base,nyu,nyu_1183,0.019498395311793325,0.0902023905971356,0.995771484375,0.025480486608364168,0.2334738771012005
v2-base,nyu,nyu_1191,0.038129116261532627,0.21291293706635966,0.9864290364583334,0.027542186383964995,0.20670546325566225
v2-base,nyu,nyu_1192,0.06352151129245255,0.3248883980047818,0.952919921875,0.031875286895989986,0.21994774126086453
v2-base,nyu,nyu_1193,0.07924746862010305,0.41789634920466634,0.9649739583333333,0.024081661162283743,0.20435323571806965
v2-base,nyu,nyu_1194,0.0479694545147,0.2063400689801693,0.9773893229166667,0.03264248109543786,0.24074825664401966
v2-base,nyu,nyu_1195,0.0375406913261969,0.1167253562048719,0.9862565104166666,0.05401427574187121,0.3317859692128552
v2-base,nyu,nyu_1200,0.08815926546898256,0.28756682776376385,0.947509765625,0.031934180605337335,0.33669263327468424
v2-base,nyu,nyu_1201,0.0545386762440148,0.22189164813297718,0.98208984375,0.023225893534906734,0.3028603676447013
v2-base,nyu,nyu_1202,0.07025746854771425,0.20677686550271304,0.9816373697916667,0.037764839510500026,0.31313400939133024
v2-base,nyu,nyu_1203,0.10020685071164408,0.6754107978384724,0.934990234375,0.036621149099104286,0.132410647300922
v2-base,nyu,nyu_1204,0.09661832945170896,0.7620386616881174,0.9066536458333333,0.030154176952607428,0.15476407404879436
v2-base,nyu,nyu_1205,0.10850930811814533,0.7979319498125849,0.9358365885416666,0.022019092879293604,0.13243310082748502
v2-base,nyu,nyu_1206,0.1258494579854146,0.8582373702819185,0.8197265625,0.033738017098198625,0.1732397447498703
v2-base,nyu,nyu_1207,0.07331322467752305,0.5637852013364667,0.9340787760416667,0.0432207797581586,0.13623678615288057
v2-base,nyu,nyu_1208,0.08647405514650303,0.46477294408246805,0.8972395833333333,0.04911603090583293,0.18570636054543574
v2-base,nyu,nyu_1209,0.1242922586978447,0.7243299167086138,0.8767936197916667,0.036595384869302715,0.15791983580527405
v2-base,nyu,nyu_1210,0.10315477534614086,0.5909660574505937,0.8708333333333333,0.03736189228318596,0.17283137602317689
v2-base,nyu,nyu_1211,0.16742941367765685,0.6203630939362583,0.7560384114583333,0.035612571694112374,0.2294892408849492
v2-base,nyu,nyu_1215,0.07705912726620201,0.3567112763363407,0.9820084635416667,0.03022480493847664,0.21892697470556693
v2-base,nyu,nyu_1216,0.03525252820757853,0.2223302540610455,0.985576171875,0.04041254956136076,0.14852329340555254
v2-base,nyu,nyu_1217,0.07256548302870612,0.2263839816267985,0.9493001302083334,0.033200252711190904,0.23982304608396612
v2-base,nyu,nyu_1218,0.08349965800906159,0.7703797492238261,0.917392578125,0.0283790081902088,0.14556997243646946
v2-base,nyu,nyu_1219,0.08778262161769823,0.6034690455772819,0.9284147135416667,0.03379989859337919,0.16519276725518686
v2-base,nyu,nyu_1225,0.12140703882784526,0.4704367984711213,0.905234375,0.029182596918126396,0.22361223781858572
v2-base,nyu,nyu_1226,0.06316505642097564,0.4701330571704761,0.952958984375,0.04348705830471659,0.11674821607424382
v2-base,nyu,nyu_1227,0.08512313458210746,0.45655473848853617,0.953916015625,0.04567282439568014,0.16378835795759708
v2-base,nyu,nyu_1228,0.05276155937937195,0.419319023931388,0.9547721354166666,0.04284417791907215,0.15685453976824199
v2-base,nyu,nyu_1229,0.057212950159238316,0.3233833897037036,0.9639290364583334,0.04564422633550096,0.20270272787932542
v2-base,nyu,nyu_1232,0.0956479150967739,0.30613617992660774,0.9108919270833333,0.04484837835893649,0.27379938527718034
v2-base,nyu,nyu_1233,0.07980435418898525,0.29799605452542133,0.9475,0.037025955519336434,0.2521093876522786
v2-base,nyu,nyu_1234,0.07843202641247816,0.3527078389739576,0.9571158854166667,0.043364439487302744,0.23315777558541514
v2-base,nyu,nyu_1246,0.05946300052046365,0.42360231517107355,0.9763899739583334,0.03684377710072306,0.13936108323824067
v2-base,nyu,nyu_1247,0.06105278419914901,0.41051855203873006,0.9783463541666667,0.04251469404405728,0.15344390689940468
v2-base,nyu,nyu_1248,0.06085754801614337,0.2819885935402943,0.9749739583333333,0.04998066598032239,0.2195150832741341
v2-base,nyu,nyu_1249,0.059668472785442524,0.30729612313916194,0.9784733072916667,0.020301727074940948,0.20118500956646765
v2-base,nyu,nyu_1253,0.10920786437493185,0.5333436957038418,0.9545377604166667,0.04892296814643163,0.14414540414733498
v2-base,nyu,nyu_1254,0.12399621063505797,0.8976697432404166,0.8798860677083333,0.02516935780223915,0.16995444358314782
v2-base,nyu,nyu_1255,0.1011042169390116,0.6500505868773644,0.8998795572916667,0.024460939569936724,0.14376985985891308
v2-base,nyu,nyu_1256,0.14524924287027377,0.8638806970350266,0.7968522135416667,0.023001780293079692,0.19597791776620846
v2-base,nyu,nyu_1257,0.10993003150627624,0.5175391289776987,0.9525162760416667,0.04220053814223829,0.1856306027890856
v2-base,nyu,nyu_1258,0.0720081494890497,0.45802184470784185,0.9477311197916667,0.041262396717257566,0.15386516775444814
v2-base,nyu,nyu_1259,0.08559894611746767,0.5296669050555135,0.925576171875,0.04729411521178387,0.15932902526470075
v2-base,nyu,nyu_1260,0.07377122883126148,0.4650342627361566,0.9715462239583333,0.043605858955450445,0.15774461703421008
v2-base,nyu,nyu_1261,0.08833063840713729,0.5135284218493505,0.9349446614583333,0.026096292216047874,0.22469491056632424
v2-base,nyu,nyu_1262,0.1261521913321111,0.6105406345771015,0.874853515625,0.0352739359049645,0.1589757622096839
v2-base,nyu,nyu_1263,0.07109464393462546,0.1916401983307015,0.975244140625,0.03435976177608915,0.3474195252400377
v2-base,nyu,nyu_1264,0.10465737125099384,0.7721928094075043,0.8975618489583334,0.024685903724589956,0.15680780845790074
v2-base,nyu,nyu_1274,0.11509076599722717,0.6125483448217796,0.8636588541666667,0.04858178834689314,0.10747971323904831
v2-base,nyu,nyu_1275,0.12490277276903372,0.6918125606507171,0.8493098958333334,0.041647224282424726,0.12392462503731849
v2-base,nyu,nyu_1276,0.0828450377440199,0.5686516343900275,0.9545442708333334,0.035689556357098196,0.14574304304308452
v2-base,nyu,nyu_1277,0.08824220459239568,0.6626555676707887,0.9303125,0.0664638247575074,0.10526449708428783
v2-base,nyu,nyu_1278,0.09242602560884804,0.43473030205990343,0.9054622395833334,0.039011562675203254,0.18832904344378423
v2-base,nyu,nyu_1279,0.09048014828750954,0.629440289258862,0.9606119791666666,0.024435988655888884,0.13947003959486615
v2-base,nyu,nyu_1284,0.08874397404353136,0.2912361909570069,0.9796875,0.020637075825613648,0.3202655899278017
v2-base,nyu,nyu_1285,0.08044240201967838,0.4193406491637492,0.977333984375,0.03525735874506771,0.18217660800055674
v2-base,nyu,nyu_1286,0.0792098203573545,0.38419329243144074,0.9700227864583333,0.043172491610896584,0.17998042888037993
v2-base,nyu,nyu_1287,0.11283314501520225,0.5108801862176738,0.9422395833333334,0.03294259435994933,0.20791758518195277
v2-base,nyu,nyu_1288,0.08542694057751644,0.46907908419824257,0.962646484375,0.03130678092022241,0.17364992995094522
v2-base,nyu,nyu_1289,0.11043234292436997,0.520316278644201,0.8789485677083333,0.03944999337782783,0.19513573031407327
v2-base,nyu,nyu_1290,0.09737288988798155,0.64468199955548,0.9624446614583333,0.03441055064739316,0.1779595430845636
v2-base,nyu,nyu_1291,0.11694610071545386,0.8838639669004835,0.8781087239583333,0.02917006173537964,0.15098806581598667
v2-base,nyu,nyu_1292,0.1159645711432837,0.7597209062541682,0.85033203125,0.018814058064795754,0.2443112643160559
v2-base,nyu,nyu_1293,0.05878487053926618,0.18152857729234378,0.9743001302083333,0.046651204386413535,0.27908409212808344
v2-base,nyu,nyu_1294,0.07158016537989302,0.5904827486600953,0.893720703125,0.037186223958217274,0.2252810316966775
v2-base,nyu,nyu_1296,0.01783998636784189,0.08815952512619858,0.9968815104166666,0.02768087907669548,0.2625248567294464
v2-base,nyu,nyu_1297,0.08555783490095462,0.4681347813637108,0.9376595052083333,0.04810667264557441,0.13461232268344883
v2-base,nyu,nyu_1298,0.076551967313544,0.4980014689880591,0.93849609375,0.0277682339433971,0.16113582449549493
v2-base,nyu,nyu_1301,0.09677023476547565,0.5649958165259844,0.9457259114583333,0.02585981355804237,0.16243854271192207
v2-base,nyu,nyu_1302,0.08786172002903117,0.3876499145677067,0.9053059895833333,0.03540059842235046,0.21743608661055863
v2-base,nyu,nyu_1303,0.13326229861765765,0.9174062153874127,0.8404720052083333,0.031262103348773856,0.13881827961447626
v2-base,nyu,nyu_1304,0.11719574533437006,0.5503656115594034,0.9109407552083333,0.037103524295426814,0.20069160045081771
v2-base,nyu,nyu_1305,0.11288883405518323,0.8249434799081752,0.8991666666666667,0.07748798047888213,0.0782369702916973
v2-base,nyu,nyu_1306,0.05723521243751171,0.45136057639875626,0.9649055989583334,0.03575582022355594,0.27801832282873185
v2-base,nyu,nyu_1307,0.08284001618924317,0.45758889229672683,0.894111328125,0.03898848336130253,0.13916530258983992
v2-base,nyu,nyu_1313,0.05377015367115459,0.20119048783968382,0.9888313802083334,0.04789038860476663,0.2555861144187876
v2-base,nyu,nyu_1314,0.04833065340521545,0.34405975558324364,0.9660221354166667,0.03640504582806284,0.1968313112455045
v2-base,nyu,nyu_1328,0.09461948020694773,0.5480243516351463,0.9331184895833333,0.04468716341530925,0.1827071988436492
v2-base,nyu,nyu_1329,0.05865417315829056,0.3123026138898761,0.9758723958333333,0.017382962282665365,0.25268225376601416
v2-base,nyu,nyu_1330,0.11361133437859197,0.5870450254208436,0.9362141927083333,0.023684570442490362,0.19078605263941603
v2-base,nyu,nyu_1331,0.08831333055421592,0.33747209598651,0.9255045572916667,0.041599263280905574,0.2549048043815993
v2-base,nyu,nyu_1334,0.11111514236125172,0.651383785060077,0.9204817708333334,0.026132465938513004,0.15666361506128113
v2-base,nyu,nyu_1335,0.11234665015702776,0.6765624169859393,0.8601009114583333,0.036236066534412505,0.15898578999094706
v2-base,nyu,nyu_1336,0.09304831089889554,0.7218243613251142,0.8913509114583333,0.039363849010993934,0.13122295541342235
v2-base,nyu,nyu_1337,0.1258820197414824,0.7711348168242478,0.9325130208333333,0.024942433275845215,0.1508257624685183
v2-base,nyu,nyu_1338,0.17634574190662974,1.2209415777719645,0.8325520833333333,0.024530674674488474,0.1829655995781791
v2-base,nyu,nyu_1339,0.13415907863231827,1.1299273893444313,0.8274641927083334,0.04151037003231939,0.12108186768764624
v2-base,nyu,nyu_1346,0.062107730147322675,0.27288454289541303,0.954765625,0.05974316646975948,0.1976190863637674
v2-base,nyu,nyu_1347,0.04078269822810046,0.14121897237570522,0.9802083333333333,0.04590680841478062,0.2978702629184008
v2-base,nyu,nyu_1348,0.09796303924876403,0.3716365001946083,0.947412109375,0.04788246278880997,0.2797481040252282
v2-base,nyu,nyu_1352,0.12825571085691892,0.7896697085159134,0.8584537760416666,0.05965706042434623,0.1697533365074637
v2-base,nyu,nyu_1353,0.15693448245721361,1.2544470285570692,0.8208072916666667,0.05812221475184037,0.17884047657942007
v2-base,nyu,nyu_1354,0.14616777113585186,0.5370345678991438,0.8267252604166667,0.0335355237445138,0.2753487071998911
v2-base,nyu,nyu_1355,0.15560873659157382,0.4895561369445341,0.7851953125,0.02163716937717548,0.2949170243558275
v2-base,nyu,nyu_1363,0.16112344272653467,1.0307855093428462,0.8117545572916667,0.04439157736167895,0.13565892915714345
v2-base,nyu,nyu_1364,0.11690984623022956,0.7380503874455974,0.7992252604166666,0.04429725797680343,0.1813631406956096
v2-base,nyu,nyu_1367,0.09334801802907501,0.531931194045632,0.9573795572916667,0.027372377046902784,0.16875383959787327
v2-base,nyu,nyu_1368,0.19526887444405988,0.9024441344773708,0.5982454427083334,0.01850699312691004,0.25765854319680587
v2-base,nyu,nyu_1383,0.10521166037295192,0.42770190479503156,0.9410774739583333,0.03425619472343782,0.22905218609790715
v2-base,nyu,nyu_1384,0.08563495946131428,0.5067180243941826,0.9377962239583333,0.03493083984902823,0.18965939819843436
v2-base,nyu,nyu_1385,0.06629470997586134,0.5676214310246361,0.941005859375,0.037818106417400674,0.16220860396122086
v2-base,nyu,nyu_1386,0.09549759094236919,0.5384036221384435,0.9410123697916667,0.07549117562109207,0.12007663287645247
v2-base,nyu,nyu_1387,0.08685777014032753,0.4633606168869119,0.96455078125,0.027243253658234594,0.22140480660956469
v2-base,nyu,nyu_1388,0.10208195374203066,0.39122985154121076,0.9567610677083334,0.011578119043384403,0.3247900316873933
v2-base,nyu,nyu_1389,0.1225686358292505,0.8596431842277951,0.842412109375,0.03925383405570041,0.15759237076586524
v2-base,nyu,nyu_1390,0.049392539407283484,0.20390026334909472,0.9809798177083333,0.022385795458178977,0.2647960619472026
v2-base,nyu,nyu_1393,0.09979030448658842,0.6773124659121408,0.9117220052083334,0.050424938453241086,0.15050646673926732
v2-base,nyu,nyu_1394,0.07223333698200247,0.39376541392695497,0.9305208333333334,0.05626834506457758,0.15210655944249102
v2-base,nyu,nyu_1395,0.1453698685781043,0.7309592532581287,0.8270735677083333,0.03617577700725558,0.16537339975007834
v2-base,nyu,nyu_1396,0.10318869068297191,0.5865352537569413,0.8794986979166667,0.029902392925104063,0.17053439495448175
v2-base,nyu,nyu_1397,0.10604201485799439,0.3261865911135288,0.9310026041666667,0.04361663137248187,0.29256725880687634
v2-base,nyu,nyu_1398,0.15752107617615402,0.6392640492740559,0.829013671875,0.06824089265043944,0.2714146278668156
v2-base,nyu,nyu_1399,0.09011886838752953,0.430689280401299,0.90412109375,0.050403193883520166,0.21853627058520989
v2-base,nyu,nyu_1400,0.1409477280828443,0.7136900502109945,0.8078776041666667,0.050529205453674904,0.20449415589182715
v2-base,nyu,nyu_1406,0.11645839974637436,0.7419558696421464,0.9280045572916666,0.02930023943685699,0.14857745167886321
v2-base,nyu,nyu_1407,0.09874557163823165,0.5799664614304203,0.9209733072916667,0.04153841125881089,0.17497094545235695
v2-base,nyu,nyu_1408,0.08752288999328557,0.5807816489266067,0.9515462239583333,0.05420570857397373,0.14123582655956438
v2-base,nyu,nyu_1409,0.05850068005828304,0.49664649146543743,0.9743033854166666,0.034599628911981296,0.10666730741328996
v2-base,nyu,nyu_1410,0.04500410204472504,0.1420700540768289,0.9944401041666666,0.025474927887403444,0.3520727995190359
v2-base,nyu,nyu_1411,0.11574019114156021,0.7594960311689414,0.8687825520833333,0.03337177165445883,0.19588063129109248
v2-base,nyu,nyu_1412,0.05855995145518554,0.21848941576797878,0.9447591145833333,0.03854987289986873,0.30129702534232117
v2-base,nyu,nyu_1413,0.05640537432697235,0.2132648739562059,0.9592447916666667,0.03844975635799967,0.3292428048288991
v2-base,nyu,nyu_1420,0.08409939182422525,0.552262503773102,0.9469401041666666,0.029062817876285122,0.18750425391872297
v2-base,nyu,nyu_1421,0.03910782187534157,0.18643606760807677,0.985859375,0.05509408255731624,0.24896078208301428
v2-base,nyu,nyu_1422,0.07922138673644163,0.24298896603299056,0.9738704427083333,0.054834259518349825,0.2906846092153364
v2-base,nyu,nyu_1423,0.051681015466925787,0.3481144590249203,0.9645442708333334,0.04593483518808853,0.18663862568372286
v2-base,nyu,nyu_1429,0.047105452716812234,0.23477866219049984,0.9700423177083334,0.036101033708600225,0.22302948038674977
v2-base,nyu,nyu_1430,0.07520888560941101,0.37016356642240766,0.94501953125,0.06434278290477799,0.17713604619388776
v2-base,nyu,nyu_1431,0.08091452548075205,0.5405367232075223,0.93626953125,0.0677779308122473,0.12199463583682799
v2-base,nyu,nyu_1432,0.11649651118960286,0.8550033602213295,0.8883658854166666,0.05039917756217989,0.12176356465404678
v2-base,nyu,nyu_1440,0.05419965901462369,0.3290083472075744,0.9587727864583333,0.058608212844654346,0.15115593286323925
v2-base,nyu,nyu_1441,0.07505563859585336,0.3144233733887184,0.9866634114583334,0.04480219041599764,0.2474989246774144
v2-base,nyu,nyu_1442,0.09338418952604446,0.5195930973050921,0.9284830729166667,0.049740762991478504,0.17116894592845724
v2-base,nyu,nyu_1443,0.07866241823373331,0.37131093804543275,0.96453125,0.029575159673058404,0.21036333423918052
v2-base,nyu,nyu_1444,0.06133771818618394,0.36006086727951014,0.9529654947916667,0.05309257000267743,0.1619016656856909
v2-base,nyu,nyu_1445,0.10775297666495028,0.5158541016520239,0.887880859375,0.05998419024038945,0.15007881090050323
v2-base,nyu,nyu_1446,0.09262556814017506,0.48676520481263624,0.9270963541666667,0.05458214454444205,0.2167247822238232
v2-base,nyu,nyu_1447,0.08075900336934878,0.5815352112746737,0.9116796875,0.05744033430096962,0.13966581592795224
v2-base,nyu,nyu_1448,0.09989260798252766,0.6509116249916463,0.9031640625,0.05639279155369306,0.17160434181923112
v2-large,nyu,nyu_0000,0.07963269820312757,0.27032234662787535,0.976318359375,0.0004088129838202832,0.3133958138782444
v2-large,nyu,nyu_0001,0.04608852508294248,0.12342816571269913,0.9849251302083334,0.0010674641123580677,0.40462318514930645
v2-large,nyu,nyu_0008,0.09230650868620546,0.5731223802284394,0.9569205729166667,0.0016177770297604462,0.16698369410380678
v2-large,nyu,nyu_0013,0.07558587014452835,0.2470111640943321,0.960810546875,0.000333779423080502,0.33946084758810136
v2-large,nyu,nyu_0014,0.10170691162569333,0.5382810058334109,0.92994140625,0.0012585419396394387,0.09678977167043626
v2-large,nyu,nyu_0015,0.07396610319264776,0.5612616438864778,0.9399479166666667,0.0018103329245031043,0.08810869457033702
v2-large,nyu,nyu_0016,0.14045680942474914,0.9328461242574769,0.8732161458333333,0.0010424369838167365,0.18920670565332123
v2-large,nyu,nyu_0017,0.1192752110533553,0.8524747038480529,0.9042838541666667,0.0012041711716634584,0.1571720496619501
v2-large,nyu,nyu_0020,0.05815386204822012,0.33059507354278467,0.93046875,0.0008961564448287527,0.23189852500807678
v2-large,nyu,nyu_0027,0.08006455055128278,0.443173321499068,0.955537109375,0.00047388536379870325,0.20020495263312427
v2-large,nyu,nyu_0028,0.10793791251635111,0.8890730737127271,0.8772428385416666,0.0011192604221300672,0.21036388216008686
v2-large,nyu,nyu_0029,0.1321767205606069,0.6422447166494978,0.8860546875,0.0006337981786049196,0.22006578305745514
v2-large,nyu,nyu_0030,0.04545252063192981,0.28517167093749457,0.9721549479166667,0.0013692160813428202,0.22779539241235772
v2-large,nyu,nyu_0031,0.09598838378450836,0.4488070883839458,0.89771484375,0.001029642949547316,0.27818031613354016
v2-large,nyu,nyu_0032,0.03435180623713356,0.09651619979537732,0.9771647135416667,0.0005686786654696362,0.5458156601496599
v2-large,nyu,nyu_0033,0.07517037980645977,0.27257921703463367,0.979248046875,0.0006339827036807986,0.30804225097105026
v2-large,nyu,nyu_0034,0.14994611748204348,0.8844619216459874,0.7446614583333333,0.0007730405617716976,0.15675425170889837
v2-large,nyu,nyu_0035,0.14282920380442077,0.8023650052759038,0.7670279947916666,0.0004717592301070166,0.18705988064074344
v2-large,nyu,nyu_0036,0.11508909141639737,0.4577303000870479,0.9817350260416666,0.0007670340335307585,0.24823406859186795
v2-large,nyu,nyu_0037,0.06905103516003955,0.4229801000272358,0.890947265625,0.0013756419108299637,0.22470947355348392
v2-large,nyu,nyu_0038,0.1262926297614454,0.43693949729128573,0.8576106770833334,0.0008842838770521458,0.2721688234837202
v2-large,nyu,nyu_0039,0.07853946569731578,0.26806891671719696,0.9274544270833334,0.0003928055435737147,0.3425109997261626
v2-large,nyu,nyu_0040,0.13753276694422423,0.38034896976434757,0.88923828125,0.0011286741190702598,0.3257229032929785
v2-large,nyu,nyu_0041,0.037202689908363264,0.0994135703141823,0.9870442708333333,0.0003477067599506497,0.472800865963213
v2-large,nyu,nyu_0042,0.08788502112043879,0.3086267519447313,0.9800455729166667,0.0006127317048664553,0.3413352214254103
v2-large,nyu,nyu_0045,0.09016745786845815,0.20629713145117762,0.8865657552083334,0.0014746968540917046,0.5703652488919502
v2-large,nyu,nyu_0046,0.17143964161248793,0.5370749197673874,0.7744791666666667,0.0010978764377926032,0.413161638048573
v2-large,nyu,nyu_0055,0.12358721330308396,0.3333642168091771,0.8843815104166667,0.0008914841001247113,0.38134742126486176
v2-large,nyu,nyu_0056,0.0829246030986085,0.17994934383925357,0.9592057291666667,0.0012866755672336395,0.44251004510401665
v2-large,nyu,nyu_0058,0.0906982481199244,0.2596269317415828,0.9562565104166667,0.0010537045742167925,0.3513666403475267
v2-large,nyu,nyu_0059,0.12773582448125229,0.33377315053091805,0.9400227864583334,0.0009025368255181692,0.37039867999802084
v2-large,nyu,nyu_0060,0.09142963923220031,0.22051513208082765,0.9640234375,0.0007841688741526459,0.4281710463199868
v2-large,nyu,nyu_0061,0.03314258674965793,0.07834496177182307,1.0,0.0012065886849812525,0.39421600392549566
v2-large,nyu,nyu_0062,0.07319589050306557,0.18325724878515962,0.9442317708333333,0.00032482086000755337,0.45375692815177376
v2-large,nyu,nyu_0075,0.151853931925688,0.47345347250546505,0.895283203125,0.0008091480467119403,0.31296347938275254
v2-large,nyu,nyu_0076,0.1396328898958493,0.4023742923936901,0.9151432291666667,0.0005659144675451144,0.32911230883186865
v2-large,nyu,nyu_0077,0.08568444680772974,0.23816532837143287,0.9725813802083333,0.0009705341916580112,0.40726398469856073
v2-large,nyu,nyu_0078,0.10607628066076784,0.34736440935292784,0.8695182291666667,0.0008247495884313969,0.3670407437690693
v2-large,nyu,nyu_0083,0.14806779344845286,0.8671702077728973,0.7821614583333333,0.0013396173033739303,0.1386889480562326
v2-large,nyu,nyu_0084,0.07834578517542834,0.3091418202579362,0.952392578125,0.0013929602119923314,0.2496422204224866
v2-large,nyu,nyu_0085,0.09183481163615656,0.7776914793839739,0.8900813802083334,0.0012467549077683484,0.0972079832532432
v2-large,nyu,nyu_0086,0.2215710706717661,1.6488438400569942,0.6895084635416666,0.0011225913277266783,0.1847848037466577
v2-large,nyu,nyu_0087,0.2590405029707995,2.0977363630194876,0.5229069010416667,0.001869719927220303,0.13920010900621355
v2-large,nyu,nyu_0088,0.20324732527860584,1.1125706825181176,0.6195247395833333,0.001175607591806822,0.11389096740963743
v2-large,nyu,nyu_0089,0.22240237257718212,1.3318366130602817,0.5789876302083333,0.0013211180658602658,0.12296465656073031
v2-large,nyu,nyu_0090,0.14558802562056106,1.2600894823557636,0.8153938802083334,0.0011028883033720673,0.12339169425777924
v2-large,nyu,nyu_0116,0.14810488293116295,1.0477252710918747,0.7687825520833333,0.00101054372081474,0.10778852580553278
v2-large,nyu,nyu_0117,0.1682755612885095,1.1668545601916704,0.7211588541666667,0.00106063624612759,0.09660667512118805
v2-large,nyu,nyu_0118,0.2150689216152691,1.5175344287487609,0.557802734375,0.0010493915407311187,0.11555020961777893
v2-large,nyu,nyu_0124,0.1614765778678352,0.48299077936718876,0.7400520833333334,0.0009423265796629676,0.4324880904430603
v2-large,nyu,nyu_0125,0.13692644824708836,0.4186949644427828,0.8012923177083333,0.0014134243144194416,0.39355206189072434
v2-large,nyu,nyu_0126,0.10541817904502744,0.21998985283569447,0.9667154947916666,0.0018630763265922933,0.4529488116989458
v2-large,nyu,nyu_0127,0.030928286832699374,0.04572697956401465,0.99810546875,0.0014415893623635416,0.7306694676911772
v2-large,nyu,nyu_0128,0.04241882297973153,0.0751168294271125,0.97994140625,0.0016560460883768495,0.6273525604540483
v2-large,nyu,nyu_0130,0.06932999658102408,0.15511915613055047,0.9744694010416667,0.0012512467129708576,0.3993166617389832
v2-large,nyu,nyu_0131,0.05112099609395293,0.08613416766310462,0.986357421875,0.0013320934906653206,0.608386863684194
v2-large,nyu,nyu_0132,0.060204413289817536,0.09769934631468523,0.9761360677083334,0.0011220190364035823,0.6592835896945556
v2-large,nyu,nyu_0133,0.08418194352857561,0.410276916382404,0.8882389322916666,0.001379445920441784,0.3786461406748367
v2-large,nyu,nyu_0136,0.09795374196936475,0.23605189208151264,0.988740234375,0.0010586375365223492,0.4480495169582425
v2-large,nyu,nyu_0152,0.11403169975015544,0.31319085699468174,0.8947526041666667,0.000903880406866411,0.3416372774953234
v2-large,nyu,nyu_0153,0.07000598865875904,0.20481728451423198,0.9727766927083333,0.0005156819775895357,0.35114157065680723
v2-large,nyu,nyu_0154,0.11501357790615738,0.36392444411116787,0.836494140625,0.0014889038208928793,0.3174137449849196
v2-large,nyu,nyu_0166,0.08716275964722023,0.3254329211766935,0.9457291666666666,0.0013468234733781301,0.26795790498807415
v2-large,nyu,nyu_0167,0.01852771495575934,0.037031628416436105,0.999951171875,0.0007457768324822883,0.5958062358342777
v2-large,nyu,nyu_0168,0.06392622960952848,0.1658198736109155,0.9761263020833333,0.0006098118236182553,0.4340913204452869
v2-large,nyu,nyu_0170,0.1604248572408158,1.0409140884537753,0.7341178385416667,0.0007609198918588586,0.2846930311657143
v2-large,nyu,nyu_0171,0.13327576724972226,1.031861236647886,0.8190169270833333,0.0010802225442782985,0.24876429729410077
v2-large,nyu,nyu_0172,0.07257522888496484,0.3560146992148142,0.971357421875,0.0015051312693641055,0.18466255465402867
v2-large,nyu,nyu_0173,0.10964315135961866,0.45810386202859144,0.9366178385416667,0.0009988753801974952,0.21450255966776322
v2-large,nyu,nyu_0174,0.09403909679228445,0.2450126711257056,0.9586328125,0.002024725262609219,0.29323101569895876
v2-large,nyu,nyu_0175,0.08081043461621974,0.1847748665415892,0.9369694010416667,0.0008132874884060962,0.46964320654542635
v2-large,nyu,nyu_0179,0.08603190379339484,0.24938540844792317,0.9522526041666667,0.0010843656506268427,0.3072119571612705
v2-large,nyu,nyu_0180,0.06973320343337729,0.19123205299447324,0.9730631510416666,0.0012022418715357244,0.33631066117411995
v2-large,nyu,nyu_0181,0.05415973468749345,0.20326691988736942,0.9764680989583333,0.0009215307751275209,0.3560407816322845
v2-large,nyu,nyu_0182,0.10898496992446959,0.25360223004180155,0.9547884114583334,0.0008892857566757769,0.4226590573355622
v2-large,nyu,nyu_0183,0.06098346740525323,0.14300623640913288,0.9474446614583333,0.0006537630326503193,0.5348160318570935
v2-large,nyu,nyu_0184,0.07605223440844652,0.2140030530541497,0.9530729166666667,0.0012048170892396226,0.3791755360963661
v2-large,nyu,nyu_0185,0.09547949642308297,0.638295820297313,0.89091796875,0.0004434598928090311,0.42314205063885785
v2-large,nyu,nyu_0186,0.047312458941817945,0.10373035907536927,0.9798567708333333,0.0011619322880797275,0.4356552554055519
v2-large,nyu,nyu_0187,0.036366776545576254,0.09895529113760534,0.9832356770833334,0.0007562397320029367,0.44468508522914696
v2-large,nyu,nyu_0188,0.03657892829945533,0.11022168236720846,0.9810579427083334,0.001434551085449998,0.3641492442619736
v2-large,nyu,nyu_0189,0.12317019409528736,0.3284046328283791,0.9149641927083333,0.0008295446129462339,0.35400723600690703
v2-large,nyu,nyu_0190,0.0675753571483315,0.12655037206305872,0.9871126302083333,0.0009747263920006048,0.5032786418105873
v2-large,nyu,nyu_0191,0.044844123431698385,0.10964446575145158,0.989892578125,0.0005299823457457087,0.4703729940349055
v2-large,nyu,nyu_0192,0.0428867727174388,0.1440245795086456,0.972236328125,0.0010536677477289052,0.30167287223152806
v2-large,nyu,nyu_0193,0.023118689630564744,0.05626127840798776,0.9994661458333334,0.0009636851216152329,0.47649985805640166
v2-large,nyu,nyu_0194,0.06121666478219107,0.18625486900841612,0.9375716145833334,0.0011532296926375111,0.7274301111774728
v2-large,nyu,nyu_0195,0.07166657413554739,0.19318533298643165,0.9799934895833333,0.0014819374616936104,0.5128083093425385
v2-large,nyu,nyu_0196,0.07100999688488585,0.0873702138921398,0.9778385416666666,0.001187006676408134,0.8348825216736759
v2-large,nyu,nyu_0197,0.07125422932779009,0.12802055306300766,0.9724348958333333,0.001693354594566924,0.486866702595835
v2-large,nyu,nyu_0198,0.07378108891691687,0.3072716302238685,0.9295670572916667,0.0010979716365741882,0.3359530858493416
v2-large,nyu,nyu_0199,0.12517496008506973,0.4775543894165346,0.8615625,0.002345525823215909,0.23538385246129118
v2-large,nyu,nyu_0200,0.1295124639826521,0.7434786473713318,0.79513671875,0.0014361295435901774,0.2054141731396503
v2-large,nyu,nyu_0201,0.12097640262526144,0.46681057993161024,0.8464225260416667,0.0008365615516518252,0.3611401983237054
v2-large,nyu,nyu_0206,0.0968117008300719,0.6486030123943958,0.818759765625,0.001296713015239012,0.21114628281489126
v2-large,nyu,nyu_0207,0.06999000023380737,0.33143223868950633,0.9558430989583333,0.0011756016964621133,0.20559861880833902
v2-large,nyu,nyu_0208,0.10458301492281477,0.30026281370448626,0.9284147135416667,0.000490086672752605,0.3986940897373842
v2-large,nyu,nyu_0209,0.11847807027170032,0.5947875845818561,0.9246484375,0.0011728562071303297,0.23486360294755268
v2-large,nyu,nyu_0210,0.07854014835520096,0.31156299177027885,0.960927734375,0.0011964230937270292,0.24676051862593665
v2-large,nyu,nyu_0211,0.11703636866198759,0.4732784068287173,0.839931640625,0.0011726104487974804,0.27128923574484004
v2-large,nyu,nyu_0219,0.21005626506347552,0.5684379667901018,0.569873046875,0.0008442351450009052,0.36085385113689683
v2-large,nyu,nyu_0220,0.13673215292145685,0.6151790780335036,0.9258235677083333,0.0009047074448501263,0.21827501016117826
v2-large,nyu,nyu_0221,0.1161983840812908,0.44233845833995433,0.9539680989583333,0.0014993897546778752,0.2361329407589262
v2-large,nyu,nyu_0249,0.07654633806639347,0.11632920227391466,0.965322265625,0.002157039437361276,0.4580293278857222
v2-large,nyu,nyu_0263,0.09403836515422444,0.24407026936579063,0.9522786458333333,0.0011093211797702106,0.34964490599800335
v2-large,nyu,nyu_0270,0.13655577950444348,0.4983572821041581,0.9143391927083333,0.0012397716626653776,0.2529802106109069
v2-large,nyu,nyu_0271,0.17388426278944344,1.2444883296237599,0.6590071614583334,0.0006460769909238692,0.15476257464642343
v2-large,nyu,nyu_0272,0.16664927430606427,1.2825765584219553,0.7476041666666666,0.000468175932918645,0.11789962432712728
v2-large,nyu,nyu_0278,0.20650634159797304,1.4122458781602603,0.596435546875,0.0006293169581056681,0.16371616611863005
v2-large,nyu,nyu_0279,0.057767148373845494,0.24043047988576322,0.9825520833333333,0.0012174770642570283,0.24732313830237931
v2-large,nyu,nyu_0280,0.14425907083768577,0.5037588523086508,0.78853515625,0.00047568403140009556,0.3074488843930238
v2-large,nyu,nyu_0281,0.06290255195932633,0.24312948458877673,0.9435286458333333,0.0010054463966308034,0.3011166723342151
v2-large,nyu,nyu_0282,0.08012493969391356,0.2056322673001915,0.9742350260416667,0.0008300842102235518,0.42933819084390273
v2-large,nyu,nyu_0283,0.14663844188412314,0.7418969966527038,0.7740755208333333,0.0008800094928715141,0.20129437344342171
v2-large,nyu,nyu_0284,0.09544299659263678,0.4538868741473472,0.9272981770833333,0.0009300904584636289,0.2139113544196894
v2-large,nyu,nyu_0295,0.1000514333756774,0.5998176378212626,0.9169108072916666,0.001168431031639222,0.16786654625241232
v2-large,nyu,nyu_0296,0.05416815403528416,0.2511484050460625,0.9893684895833333,0.0008728877965399994,0.18478657312199218
v2-large,nyu,nyu_0297,0.14252404832248464,0.5821789438269287,0.7761979166666667,0.0009317584861909195,0.24630924409729243
v2-large,nyu,nyu_0298,0.11394135539595517,0.584787337658161,0.9381412760416666,0.0007800538910087512,0.1792073349339572
v2-large,nyu,nyu_0299,0.14648624465627505,0.6301843432766068,0.8053678385416667,0.0010071689771859852,0.21296401862560718
v2-large,nyu,nyu_0300,0.15052595666269533,0.9345182281216453,0.7650423177083333,0.0009469039554480163,0.1549140296779078
v2-large,nyu,nyu_0301,0.22787282791586236,0.8989168065099028,0.634921875,0.0007279972170017821,0.2318254825053128
v2-large,nyu,nyu_0309,0.1636740328672294,0.8912534586740081,0.7454524739583334,0.0008567145504055926,0.17787799926099915
v2-large,nyu,nyu_0310,0.08886429205051859,0.8299969559923465,0.9176497395833333,0.0009671292202874501,0.16250743657099018
v2-large,nyu,nyu_0311,0.10112764651654735,0.46905952551113084,0.93166015625,0.0009164257090654291,0.21072245263600362
v2-large,nyu,nyu_0314,0.12629509390960184,0.5665008313132017,0.9655891927083333,0.000773424293119195,0.22641899255521566
v2-large,nyu,nyu_0315,0.19176664380549052,0.9796919725351804,0.6739713541666666,0.0008028369768589952,0.19477260518709008
v2-large,nyu,nyu_0316,0.1278587772480708,0.7207323813966918,0.934599609375,0.0009532355252819629,0.1723154107201576
v2-large,nyu,nyu_0324,0.06346077682560754,0.21908770424428606,0.98109375,0.0009192687422667058,0.28054498568956243
v2-large,nyu,nyu_0325,0.07791148251032937,0.4384161418295465,0.9647200520833333,0.0011094612767298519,0.19817950826743658
v2-large,nyu,nyu_0326,0.13474537606702328,0.6226412022861814,0.9348014322916667,0.0006070265540231647,0.2108340773339783
v2-large,nyu,nyu_0327,0.10639386780212866,0.49434628158014227,0.8926953125,0.0005767320016904191,0.27003733082631554
v2-large,nyu,nyu_0328,0.11072711361426502,0.614456460721633,0.8482942708333333,0.0010601124356773484,0.20765799899740633
v2-large,nyu,nyu_0329,0.09803683101462068,0.47513304297426556,0.9596744791666667,0.0014114934338048948,0.20880270433205658
v2-large,nyu,nyu_0330,0.18664785678841925,1.181506794558468,0.6706673177083333,0.0007428506644019578,0.15197217152397804
v2-large,nyu,nyu_0331,0.13724300984380997,0.7408412171590821,0.950498046875,0.0008713220609739787,0.18316030318103876
v2-large,nyu,nyu_0332,0.13097908440829678,0.9717913478301106,0.7745833333333333,0.001108450188674387,0.15759769579123256
v2-large,nyu,nyu_0333,0.16079743094919194,1.1241149341343561,0.7232682291666667,0.0008932827797056605,0.1510772264547314
v2-large,nyu,nyu_0334,0.16341651730148793,1.0703163459747114,0.7755891927083334,0.0006331967089762144,0.16904156428117575
v2-large,nyu,nyu_0350,0.10171562709049758,0.9098398581342262,0.891572265625,0.0006953172868783245,0.16052071480788793
v2-large,nyu,nyu_0351,0.06441492468178162,0.6723935286420971,0.9411100260416667,0.0008515462146529329,0.10299796673489067
v2-large,nyu,nyu_0354,0.09854968180188416,0.578509671174834,0.9370540364583333,0.0006869692098772108,0.18260351049835213
v2-large,nyu,nyu_0355,0.1057157683683349,0.4172448957676368,0.942529296875,0.00152839176042157,0.15424823022391954
v2-large,nyu,nyu_0356,0.06480717733093001,0.39861719414488717,0.9727115885416666,0.0010571799815312175,0.20596484801257306
v2-large,nyu,nyu_0357,0.06419681052331105,0.3824400145805098,0.9218619791666667,0.0011041512178343472,0.1869810093247184
v2-large,nyu,nyu_0358,0.08580173778529866,0.282931962861396,0.9794108072916666,0.0004008575595496485,0.3359420011190341
v2-large,nyu,nyu_0359,0.06661656359039703,0.23994852090805557,0.9777278645833334,0.0015092578502152155,0.29480396001997794
v2-large,nyu,nyu_0360,0.12851680259536477,0.24502749355005063,0.94044921875,0.0014387012467586135,0.5360253825376804
v2-large,nyu,nyu_0361,0.040113442501226226,0.1869415843352331,0.9772786458333333,0.0012175035544078143,0.270357709054393
v2-large,nyu,nyu_0362,0.10256448469413983,0.47204274299343574,0.9592447916666667,0.0005034072087170218,0.2287223770091146
v2-large,nyu,nyu_0363,0.07673505765107155,0.32056128024211367,0.9536653645833333,0.0011787069745789955,0.2464434465122211
v2-large,nyu,nyu_0383,0.05035265758704141,0.2135672325670654,0.9721419270833334,0.0009424092283025712,0.2418673906669535
v2-large,nyu,nyu_0384,0.05424992861727804,0.15612027933357114,0.9784114583333333,0.0011887170195680002,0.3608140810013442
v2-large,nyu,nyu_0385,0.10091699941180333,0.3365488737549503,0.9716927083333333,0.0008447185806392938,0.32010503523170547
v2-large,nyu,nyu_0386,0.06076939626110281,0.3003985405099357,0.9477018229166667,0.001385810092577836,0.16389882501560543
v2-large,nyu,nyu_0387,0.11007115112646938,0.5038835426292992,0.8454036458333334,0.0007771641664562511,0.2607022232294605
v2-large,nyu,nyu_0388,0.08951665929437197,0.27439368977521567,0.95509765625,0.0011201423956212974,0.3569677219702956
v2-large,nyu,nyu_0389,0.12311206624764469,0.4415740630623987,0.8480143229166667,0.001555637221935161,0.24309657749759908
v2-large,nyu,nyu_0394,0.07061622892364272,0.2438059991503523,0.96705078125,0.0009871793983992027,0.33286810647953163
v2-large,nyu,nyu_0395,0.08271642335132201,0.29519145018728915,0.9407552083333334,0.0013562277905909577,0.2462993971493756
v2-large,nyu,nyu_0396,0.12280136905888508,0.37221781591850756,0.903603515625,0.0008917176630684582,0.3041894199447802
v2-large,nyu,nyu_0410,0.14743409344020228,0.7415311557333614,0.85291015625,0.0010133335388075938,0.21274898961713867
v2-large,nyu,nyu_0411,0.1070608441926939,0.3384079706401638,0.9625,0.0011535582668220183,0.28223268470489854
v2-large,nyu,nyu_0412,0.07880534524243674,0.22128380787885826,0.9886458333333333,0.00032828049758612564,0.4236675794775141
v2-large,nyu,nyu_0413,0.1136561370063936,0.7782332004518936,0.936630859375,0.0013462816003926247,0.20525210072681568
v2-large,nyu,nyu_0429,0.12737241351341327,0.9811934888708157,0.857275390625,0.0008377143659740333,0.13285964954413781
v2-large,nyu,nyu_0430,0.1758457401131344,1.244500509650041,0.834443359375,0.0005861508134419386,0.22234090802759116
v2-large,nyu,nyu_0431,0.11591187574390803,0.6475710168731592,0.937021484375,0.001279378289241133,0.20944769315191225
v2-large,nyu,nyu_0432,0.11039224377664122,0.5352927743565538,0.9383430989583333,0.0006081181056330968,0.21102050127421668
v2-large,nyu,nyu_0433,0.08158705602399235,0.3402304046279865,0.9516536458333333,0.0006619662117348119,0.237623303451051
v2-large,nyu,nyu_0434,0.05276596919462417,0.3406667366108372,0.9626725260416666,0.0013760964979152798,0.20741906019500667
v2-large,nyu,nyu_0440,0.14389496275616642,0.5924216225824581,0.8783170572916666,0.0005939343326652668,0.35076251984166423
v2-large,nyu,nyu_0441,0.10251094439728202,0.5125552515274695,0.9116927083333334,0.0002303729483062187,0.29481032002513563
v2-large,nyu,nyu_0442,0.08417849866982824,0.6558565567269666,0.877939453125,0.0010368635779270652,0.18180177566150815
v2-large,nyu,nyu_0443,0.07176259859324119,0.36428568203628253,0.9388411458333333,0.0007830280929118082,0.2409360181843996
v2-large,nyu,nyu_0444,0.11990165791626145,0.5195394666127772,0.8885384114583333,0.0007103724986357965,0.26065843858840926
v2-large,nyu,nyu_0445,0.09536288852094124,0.41005351377296057,0.9819303385416667,0.0009323635634039557,0.28284280477499946
v2-large,nyu,nyu_0446,0.09394474278481973,0.34211231800810843,0.9214127604166666,0.0007879114790643211,0.2953196239267901
v2-large,nyu,nyu_0447,0.02354742851518546,0.10441946042278939,0.9850423177083333,0.0013309383127836111,0.3347242536650875
v2-large,nyu,nyu_0461,0.1349374111898125,0.44147908741808284,0.8555501302083334,0.000775414406553253,0.3093789711437141
v2-large,nyu,nyu_0462,0.07355842460446026,0.2906482077331008,0.9572395833333334,0.0008268106214080664,0.28991804876844746
v2-large,nyu,nyu_0463,0.12567330603431778,0.4586862757265526,0.8923828125,0.0005472290802823445,0.2651198026768119
v2-large,nyu,nyu_0464,0.1385531764807876,0.9691570902546708,0.8146126302083333,0.0008155832364478972,0.1893090066618352
v2-large,nyu,nyu_0465,0.13231203884208334,0.755674970924816,0.79330078125,0.0008796318320033824,0.20153311933363033
v2-large,nyu,nyu_0468,0.08494139551082212,0.8562878188859957,0.9173046875,0.0016636161515396846,0.15442946215145317
v2-large,nyu,nyu_0469,0.09940058594961763,0.37914747459942455,0.893642578125,0.00110413594216569,0.25973462639362366
v2-large,nyu,nyu_0470,0.07034211067890365,0.2744299999804407,0.9700651041666667,0.0017288709768072765,0.29119978108954614
v2-large,nyu,nyu_0471,0.04738798552650699,0.21059638790528146,0.98412109375,0.001284161545024045,0.2968754081706079
v2-large,nyu,nyu_0472,0.10852881341068422,0.4453415865908191,0.874931640625,0.00038923726136506643,0.279203118164713
v2-large,nyu,nyu_0473,0.06247597033747687,0.2632728314291258,0.9536979166666667,0.0012875400373298061,0.24779180142627324
v2-large,nyu,nyu_0474,0.10870819093895069,0.3674905238599126,0.9493880208333333,0.0013546286056709037,0.26865729803956107
v2-large,nyu,nyu_0475,0.05506231620952552,0.20759627202597675,0.9710221354166667,0.0014643306830826217,0.25747300714692906
v2-large,nyu,nyu_0476,0.1199835484177315,0.3272265759983269,0.902333984375,0.0008898284054892219,0.33079508253332934
v2-large,nyu,nyu_0507,0.13092688055253396,0.2957865583854097,0.7706770833333333,0.0009317655842725236,0.3413341179365952
v2-large,nyu,nyu_0508,0.13364840934316802,0.365388587419415,0.9028125,0.0016298568052197794,0.35468150163958595
v2-large,nyu,nyu_0509,0.20640649865068827,0.5916379710261018,0.6511263020833333,0.0010354007745407045,0.47930712816429816
v2-large,nyu,nyu_0510,0.09412987520374837,0.2507820415747945,0.9695930989583333,0.001479637831723088,0.37595140673279775
v2-large,nyu,nyu_0511,0.08618271577958375,0.1785391254532602,0.9717903645833333,0.0013868862894525743,0.3968767801544275
v2-large,nyu,nyu_0512,0.04745932499993299,0.13473560499550938,0.9632291666666667,0.0010154226612049256,0.4324152544547226
v2-large,nyu,nyu_0514,0.15659722039297266,0.6474452609373194,0.8186165364583333,0.001571506271865366,0.2899963237450304
v2-large,nyu,nyu_0515,0.11321476182308482,0.3538220504892904,0.8793229166666666,0.0008621166032075,0.3024771268407856
v2-large,nyu,nyu_0516,0.1437662151100405,0.37509911507849863,0.8624674479166666,0.001492694708575063,0.31567152176842267
v2-large,nyu,nyu_0517,0.06699798015067027,0.23186611963354958,0.9656087239583333,0.001379104083495528,0.3327045888736086
v2-large,nyu,nyu_0518,0.12352287873353328,0.33494635406101486,0.8808040364583334,0.0011379045978113739,0.34099706119831297
v2-large,nyu,nyu_0519,0.09333919678354477,0.3207731340612351,0.9706998697916667,0.0006755024666735422,0.30463119006105843
v2-large,nyu,nyu_0520,0.09461624635880166,0.30105887323241776,0.963896484375,0.001129035441875894,0.3223379042487407
v2-large,nyu,nyu_0521,0.07425826457261643,0.2420716022482633,0.971669921875,0.0008651749811927926,0.3207665723832759
v2-large,nyu,nyu_0522,0.07412108232500977,0.3105946353625083,0.979677734375,0.0005859028781929813,0.2690879229055615
v2-large,nyu,nyu_0523,0.10874687387438027,0.33124268613673574,0.9043522135416666,0.0005792508012744036,0.34712208297102887
v2-large,nyu,nyu_0524,0.06333815067456407,0.19262815418760254,0.9605110677083334,0.0002949466149297567,0.40306226524601513
v2-large,nyu,nyu_0525,0.0904974724940708,0.3173407181812308,0.9789029947916666,0.000391593866193165,0.31254422489700157
v2-large,nyu,nyu_0530,0.06625139991372794,0.1975138098318821,0.9771907552083333,0.0013059761032603084,0.30527400265063426
v2-large,nyu,nyu_0531,0.0831633313978795,0.2605346966317706,0.971640625,0.0005403158778884214,0.33032330772575186
v2-large,nyu,nyu_0532,0.08034568308204992,0.24739416060024733,0.986171875,0.0005509573610008158,0.3325821105968165
v2-large,nyu,nyu_0536,0.049529100216248186,0.21322287054745415,0.9838671875,0.001224954393344753,0.2598875996705954
v2-large,nyu,nyu_0537,0.1105788470111608,0.36699818475182744,0.9443815104166666,0.000765541908961798,0.32939103367490297
v2-large,nyu,nyu_0538,0.05674723158746779,0.16407452612453857,0.96615234375,0.0015169346260565852,0.34728914503370434
v2-large,nyu,nyu_0548,0.061887730399577144,0.505249758248433,0.9682259114583334,0.0007767318663830366,0.2867386899774779
v2-large,nyu,nyu_0549,0.04215171736923241,0.1990206354686883,0.9674153645833333,0.0007827235985815383,0.26907453368711054
v2-large,nyu,nyu_0550,0.04620204482702771,0.2127634963740842,0.9758951822916667,0.0011022741588841466,0.24272504533279687
v2-large,nyu,nyu_0554,0.06891004075964458,0.2021233808708184,0.9790592447916666,0.0009298365658815364,0.3162877624529424
v2-large,nyu,nyu_0555,0.05612923057281189,0.1686077327212644,0.9734342447916666,0.001027199602021309,0.3315389394743545
v2-large,nyu,nyu_0556,0.06543428111147151,0.1464253416750619,0.9725911458333333,0.000915241834643048,0.461527470923395
v2-large,nyu,nyu_0557,0.024771168787547423,0.07560402424542705,0.9914029947916667,0.000705364505067594,0.4263826240928331
v2-large,nyu,nyu_0558,0.09594077052174253,0.20051413418074504,0.9485677083333334,0.0018194976101832392,0.2973682842787639
v2-large,nyu,nyu_0559,0.09158135943129872,0.18643770497559609,0.9534049479166666,0.000941964712265007,0.48580762230525615
v2-large,nyu,nyu_0560,0.042813880284752824,0.1190521841403894,0.9786002604166667,0.001918826861316478,0.4027890214998735
v2-large,nyu,nyu_0561,0.09520688771461616,0.2929571369096197,0.9182942708333334,0.0013132982198897913,0.2695388105687097
v2-large,nyu,nyu_0562,0.08104411553154435,0.25400385106423445,0.9558723958333334,0.0016310384759983332,0.29998853744580234
v2-large,nyu,nyu_0563,0.08330711706732412,0.4287729840064646,0.9062337239583333,0.0011344851576555455,0.2373381068675477
v2-large,nyu,nyu_0564,0.04194474463047492,0.1736063282027253,0.9803841145833333,0.0014388150952152634,0.24572275377918107
v2-large,nyu,nyu_0565,0.09627930515528155,0.30265916339263815,0.9366080729166667,0.000751501844768397,0.337553792012662
v2-large,nyu,nyu_0566,0.0952898753569082,0.278856875165266,0.932958984375,0.0010334992384197896,0.3026175580526835
v2-large,nyu,nyu_0567,0.08854082493422134,0.32153997940952933,0.965087890625,0.0008027729088118073,0.28870991256082545
v2-large,nyu,nyu_0568,0.09329750643275707,0.2704771487402186,0.95591796875,0.0009962163943979293,0.31606256981251124
v2-large,nyu,nyu_0569,0.07059695724950257,0.21067527113543566,0.975439453125,0.0012655272830452563,0.32372453690802916
v2-large,nyu,nyu_0570,0.0750227832960059,0.16760949691667604,0.9411197916666667,0.0011666874830043288,0.38186231582569324
v2-large,nyu,nyu_0578,0.14488845584308982,0.708976397569402,0.8279069010416666,0.0010628060984480222,0.2323708467362066
v2-large,nyu,nyu_0579,0.08109432085159918,0.32237191164979384,0.9696256510416666,0.0006094763193076369,0.272348915566151
v2-large,nyu,nyu_0580,0.09042690379374015,0.37135998764556494,0.957265625,0.0008292771357996081,0.24481886232896552
v2-large,nyu,nyu_0581,0.10548029824118726,0.4931473141013867,0.8826334635416667,0.0007977600835203194,0.21423738178334428
v2-large,nyu,nyu_0582,0.11765840713071313,0.5733312977648983,0.9240690104166667,0.0010655907300988496,0.2064342038031827
v2-large,nyu,nyu_0590,0.08652277226860985,0.3053172218683871,0.9453287760416667,0.0007837217740551159,0.3160177556238541
v2-large,nyu,nyu_0591,0.09711604160050483,0.3109629669023306,0.965888671875,0.0005912689225705227,0.3207308979331216
v2-large,nyu,nyu_0592,0.13586814687633503,0.3998528348674312,0.8516015625,0.0010767835353190903,0.31760640617419145
v2-large,nyu,nyu_0593,0.10252144963525872,0.48490327079698337,0.9256608072916667,0.0007246182200271771,0.2508494950574481
v2-large,nyu,nyu_0602,0.0581688811187664,0.48705366699452707,0.9642643229166666,0.0013505599790252472,0.13750793111801216
v2-large,nyu,nyu_0603,0.08307000226807143,0.40553429495043863,0.9627018229166666,0.0015618807578562494,0.15975425923674844
v2-large,nyu,nyu_0604,0.12355327109531772,0.5499057248219921,0.8788671875,0.0008454499442446009,0.2521530073462559
v2-large,nyu,nyu_0605,0.1032483761243063,0.42738643413242416,0.9213444010416667,0.000913654613834408,0.30175829708237834
v2-large,nyu,nyu_0606,0.0966643624056176,0.3122865255434053,0.9676009114583334,0.0010564079086078934,0.3054176983895976
v2-large,nyu,nyu_0611,0.08027259704435706,0.27713370230011325,0.966220703125,0.0007509400159200293,0.2682272763238019
v2-large,nyu,nyu_0612,0.06573591581724327,0.26814364414784625,0.9777669270833333,0.0007655706292072337,0.2665391854445018
v2-large,nyu,nyu_0616,0.08619784292887586,0.2853089020095991,0.9614615885416666,0.0012144031364549222,0.22734959784465072
v2-large,nyu,nyu_0617,0.11354785232072477,0.43367772422208034,0.8923177083333333,0.0010014789747110032,0.302003586283898
v2-large,nyu,nyu_0618,0.05373028259769193,0.19318782219171488,0.96169921875,0.0009859568114872444,0.3730549374850965
v2-large,nyu,nyu_0619,0.11263772523969864,0.3386420213677428,0.9354329427083333,0.0012496962098174458,0.2393063920481077
v2-large,nyu,nyu_0620,0.0550809388146855,0.17249847560549292,0.9704459635416667,0.0012521552386047814,0.38730339867499974
v2-large,nyu,nyu_0632,0.140708296209974,1.071456009340559,0.7989290364583334,0.0005510891745493869,0.17771989219864182
v2-large,nyu,nyu_0633,0.12273993973774279,0.4353036757871443,0.9257421875,0.0003682260328162194,0.2588452942268402
v2-large,nyu,nyu_0634,0.15249270724714484,0.8222563167071509,0.7282649739583333,0.000744183076871788,0.19058367113743163
v2-large,nyu,nyu_0635,0.16604506223375307,0.43787317524413916,0.7583072916666667,0.0011957956595014154,0.236172697704654
v2-large,nyu,nyu_0636,0.060854633238809734,0.17884706540888637,0.9666731770833333,0.001335771715776648,0.322821502443203
v2-large,nyu,nyu_0637,0.10096413367285748,0.3784021233040167,0.9501171875,0.0010191561150295605,0.2537783162311586
v2-large,nyu,nyu_0643,0.09583090637453497,0.2412565523756009,0.9671712239583333,0.000889841456684451,0.4335339987052704
v2-large,nyu,nyu_0644,0.1233745544413945,0.33059844680357664,0.972783203125,0.0012209902230157213,0.342353723165243
v2-large,nyu,nyu_0649,0.2516608243317397,0.6825526674961108,0.6511295572916667,-0.0004659212491330945,0.640675815331517
v2-large,nyu,nyu_0650,0.08972565036917025,0.2088461833516711,0.8956477864583333,0.0006992971153525128,0.5176224693820078
v2-large,nyu,nyu_0655,0.1574246666606922,0.4916641659383934,0.73630859375,0.0002525918978821969,0.4715245917481571
v2-large,nyu,nyu_0656,0.19892389231017865,0.5958290012132018,0.62982421875,0.0008791107154901746,0.4254034162300304
v2-large,nyu,nyu_0657,0.07911241522807384,0.12115746819529113,0.9563736979166667,0.0018368607142185936,0.5726510790325456
v2-large,nyu,nyu_0662,0.10039104848447235,0.39553212922813114,0.9008072916666666,0.0012036633579864038,0.37116350558278544
v2-large,nyu,nyu_0663,0.10311450335502585,0.23507139280638556,0.905703125,0.0004731462186366795,0.5878409718128784
v2-large,nyu,nyu_0667,0.12034468640489798,0.9809945138123359,0.86185546875,0.0008402285065266657,0.1817592309268896
v2-large,nyu,nyu_0668,0.03786888751823647,0.24506937428963663,0.9711360677083334,0.0009554861634751898,0.19143212256828782
v2-large,nyu,nyu_0669,0.25195814813732315,1.5120395624610423,0.553603515625,0.001955254087853805,0.09653675789517968
v2-large,nyu,nyu_0670,0.261828646748134,1.085135428864972,0.52166015625,0.0009377555923613506,0.30428290772615246
v2-large,nyu,nyu_0671,0.158259133612507,0.7748643359708564,0.7880338541666667,0.0007431597723428537,0.2967250371929839
v2-large,nyu,nyu_0672,0.09787759766611986,0.3059018617886139,0.9806412760416666,0.0005551719848804615,0.3269556800678035
v2-large,nyu,nyu_0675,0.15431222639012324,0.3108306693477995,0.8122102864583334,9.644503513338504e-05,0.5429830174588524
v2-large,nyu,nyu_0676,0.03808408153056935,0.07013635146674722,0.9790983072916667,0.001603469013802273,0.46632868605260364
v2-large,nyu,nyu_0677,0.08821539197471139,0.20087706565724422,0.9678125,0.0014078835523327901,0.3707661888549352
v2-large,nyu,nyu_0678,0.18181771009365338,0.6626079527719825,0.742373046875,0.0005223062688874172,0.6061651010605723
v2-large,nyu,nyu_0679,0.09549128130411401,0.3492617214383963,0.8683756510416667,0.001674395187642725,0.2716940091607091
v2-large,nyu,nyu_0680,0.12377306358051018,0.33788289153455403,0.7693977864583333,0.0006862014558093524,0.3688323904548051
v2-large,nyu,nyu_0685,0.07263996963981902,0.3521542953961022,0.9225260416666666,0.0006782257642079169,0.26444917844504184
v2-large,nyu,nyu_0686,0.13580789106126234,0.654834422638201,0.7490690104166666,0.0014596446498853402,0.2620737294411457
v2-large,nyu,nyu_0687,0.16339045284331427,0.4322152860964428,0.7082161458333334,0.0009573650004741825,0.45571961706386843
v2-large,nyu,nyu_0688,0.023154955508643167,0.06550317387499238,0.9877897135416667,0.0009393534886259685,0.4228667874356079
v2-large,nyu,nyu_0689,0.10735964677010344,0.19613193074570512,0.9766341145833334,0.0021190423734642337,0.3661848693432667
v2-large,nyu,nyu_0692,0.15025366777518567,0.5805158291256587,0.8429231770833333,0.0013133610931547006,0.277644750317506
v2-large,nyu,nyu_0693,0.048334160879697205,0.08683983122714052,0.9830729166666666,0.0012104217478336387,0.49864060433642876
v2-large,nyu,nyu_0696,0.22845049047001548,1.0398494317839433,0.81060546875,0.0015348426604086434,0.34165501244005253
v2-large,nyu,nyu_0697,0.07007603632837599,0.18428272247895647,0.9729915364583334,0.0009397775763508536,0.35241608427263177
v2-large,nyu,nyu_0698,0.06482703976447518,0.2554646985372136,0.9288671875,0.001273268939520574,0.2813441068480992
v2-large,nyu,nyu_0705,0.06838699082638304,0.20258814885413237,0.9640755208333334,0.0020443996241628747,0.25539344923117135
v2-large,nyu,nyu_0706,0.05603819735938938,0.15444816758173333,0.9593912760416666,0.0015352231370976486,0.4054191651373894
v2-large,nyu,nyu_0707,0.10731718627607208,0.3646737239841153,0.8843391927083334,0.0015447738227358575,0.4055593860677965
v2-large,nyu,nyu_0708,0.095488136047814,0.2501604576333914,0.9532259114583334,0.0013950249398683495,0.36360535936934096
v2-large,nyu,nyu_0709,0.2180424072761881,0.5335072806522251,0.6647786458333333,0.001962036330593602,0.3161935214640183
v2-large,nyu,nyu_0710,0.04248245968044891,0.19503269802524575,0.9797786458333333,0.0014574860757436612,0.32637794883953297
v2-large,nyu,nyu_0711,0.14102902364864803,0.5003822708260706,0.7382845052083333,0.0005934888820195801,0.29351338410185723
v2-large,nyu,nyu_0712,0.11635134630592549,0.33194001012231106,0.892587890625,0.0001381613941089115,0.4236591071839347
v2-large,nyu,nyu_0716,0.12117124654314018,0.45362350032344106,0.86576171875,0.0017282976769102576,0.3920326195845271
v2-large,nyu,nyu_0717,0.07832276803525916,0.1779687594123957,0.96908203125,0.0017645121306657467,0.4145215316638767
v2-large,nyu,nyu_0723,0.17255902080783408,0.7731225052620214,0.750966796875,0.0009274062623038647,0.29431871613969146
v2-large,nyu,nyu_0724,0.17203488507958048,0.6422629456829764,0.66015625,0.0005719413298042667,0.37816658090804584
v2-large,nyu,nyu_0725,0.0907633797864848,0.23243823733135408,0.9695442708333334,0.0007272605858413087,0.4203116690682988
v2-large,nyu,nyu_0726,0.18061779751043505,0.9781078336264389,0.7934049479166667,0.0011598233316619441,0.3316162799379138
v2-large,nyu,nyu_0727,0.08796756027097408,0.24945995336166957,0.9656119791666666,0.0014038610219248417,0.35716525003291116
v2-large,nyu,nyu_0730,0.34835288919337304,0.8538596346424794,0.16385091145833333,0.0014905313299031346,0.27254050404488855
v2-large,nyu,nyu_0731,0.032073602435942074,0.10030371444206448,0.9873795572916667,0.0013132357961215364,0.418169798825389
v2-large,nyu,nyu_0732,0.0832844199625473,0.1979087648398826,0.97732421875,0.0011076187384705903,0.4165740663589067
v2-large,nyu,nyu_0733,0.13864008742549214,0.34283507902475097,0.8532845052083333,0.0017976813965710882,0.5262604527055426
v2-large,nyu,nyu_0742,0.23584981954428239,0.6681073531734933,0.5073763020833333,0.0008028811913127304,0.3465402771288777
v2-large,nyu,nyu_0743,0.0917887531305693,0.21511937868010078,0.92595703125,0.0014458169089360043,0.41064206240829615
v2-large,nyu,nyu_0758,0.06283036660376472,0.16182257210721035,0.9803352864583333,0.0007323878510812091,0.39891837033035765
v2-large,nyu,nyu_0759,0.08691678575103264,0.3583354525864272,0.9546809895833334,0.00155760934703926,0.1522559371693916
v2-large,nyu,nyu_0760,0.11987945935142826,0.3757171614457098,0.8523893229166667,0.002013910720189176,0.28111883151424694
v2-large,nyu,nyu_0761,0.1460483677775497,0.747673802825945,0.77515625,0.0004929321450072941,0.2969337092777843
v2-large,nyu,nyu_0762,0.05089270509951744,0.20171182919853306,0.98212890625,0.0009270233852795958,0.2882780994385082
v2-large,nyu,nyu_0763,0.13100425864497675,0.7949518930067986,0.872744140625,0.0014875323633486695,0.17623269294817778
v2-large,nyu,nyu_0764,0.048530381270338395,0.12604889674760394,0.9792513020833333,0.001058265931599149,0.4588132720894405
v2-large,nyu,nyu_0765,0.10706444619674561,0.7218884851953169,0.872822265625,0.0008236606035859149,0.19873946471611184
v2-large,nyu,nyu_0766,0.06497198175488515,0.3894831701550155,0.9322428385416667,0.001280632303385624,0.20873031157049302
v2-large,nyu,nyu_0767,0.1395544851791284,0.6442990887468423,0.8063541666666667,0.0012113761837282547,0.2157911611792652
v2-large,nyu,nyu_0768,0.06850052326784427,0.24558094638154962,0.9659928385416666,0.0016370118234240434,0.26976761993257736
v2-large,nyu,nyu_0769,0.09175882837417715,0.21859531583074268,0.903232421875,0.0006157698338620821,0.4563050233828171
v2-large,nyu,nyu_0770,0.06708355549564336,0.20919880663160792,0.96138671875,0.0008648046843690207,0.42967413847333896
v2-large,nyu,nyu_0771,0.09335420762736332,0.36112249372788163,0.9235319010416667,0.0015013504105294109,0.23069025226946915
v2-large,nyu,nyu_0772,0.1092796463210814,0.5033949093312249,0.9370540364583333,0.001439254498602659,0.23040938229712463
v2-large,nyu,nyu_0773,0.06965090385831524,0.257573422868222,0.9586393229166666,0.0014206526830087352,0.28125779974180487
v2-large,nyu,nyu_0774,0.046363482079816554,0.14618436171712978,0.9850423177083333,0.0014130824985257209,0.36554326432766027
v2-large,nyu,nyu_0775,0.09712870492656096,0.21938729341409738,0.9368717447916667,0.0008984030260891559,0.457506489530786
v2-large,nyu,nyu_0776,0.07461740569648974,0.2434784790145277,0.9767708333333334,0.00043575307847965527,0.3429326863408045
v2-large,nyu,nyu_0777,0.052154321599603856,0.36524393983692016,0.966171875,0.0010312962350923602,0.1559213573134854
v2-large,nyu,nyu_0778,0.07170409059752818,0.42101670078625597,0.9659895833333333,0.0010697149569756281,0.19721317853054204
v2-large,nyu,nyu_0779,0.06261461549680876,0.41263614901359985,0.9616829427083333,0.0011758088263620489,0.1419363297188897
v2-large,nyu,nyu_0780,0.07143207219128127,0.39179040323159103,0.958896484375,0.0014760863175044055,0.1420185321332641
v2-large,nyu,nyu_0781,0.09186030374588444,0.45150437871232624,0.9466243489583334,0.0010298716675302129,0.1928173782689696
v2-large,nyu,nyu_0782,0.1740791075315043,0.9276534871358472,0.7768684895833333,0.001363381231885639,0.1820004900565316
v2-large,nyu,nyu_0783,0.18127387505272644,1.3846315213007356,0.782138671875,0.0011358758278837604,0.21359099597303005
v2-large,nyu,nyu_0784,0.117328803822925,1.0155559839340185,0.85021484375,0.0018951509455780956,0.14806700357600305
v2-large,nyu,nyu_0785,0.1115046967987449,0.624412795678085,0.92208984375,0.001563138146273908,0.16386796308718438
v2-large,nyu,nyu_0786,0.1283780861992088,0.9222685430233784,0.8586295572916667,0.00157412050691585,0.15314990339911727
v2-large,nyu,nyu_0799,0.09968365623076067,0.20505239881799844,0.9489192708333334,0.0016450224243296147,0.44912893102226514
v2-large,nyu,nyu_0800,0.09299197471324325,0.9094484810781369,0.9113704427083333,0.0013124586237428823,0.11450036161689882
v2-large,nyu,nyu_0801,0.14692958510385223,1.0974759884865544,0.8195279947916667,0.0007191369984953237,0.1416529871024715
v2-large,nyu,nyu_0802,0.11779498415218119,0.5708663962417428,0.9481901041666667,0.0014428703180548175,0.18599410888037504
v2-large,nyu,nyu_0803,0.11736769227844868,0.5189653992924299,0.8775325520833334,0.001687661543859928,0.2000432068515836
v2-large,nyu,nyu_0809,0.18278563635753525,0.7918631703784724,0.7588671875,0.002092670681208132,0.1571991447336289
v2-large,nyu,nyu_0810,0.14542740427771633,0.9176360072712182,0.7357682291666666,0.000978027840693827,0.17921993179697301
v2-large,nyu,nyu_0811,0.08783999285202435,0.5678262658930814,0.9322493489583333,0.0016769698356670763,0.1510166367910588
v2-large,nyu,nyu_0812,0.10700586759456693,0.44288127805246214,0.923212890625,0.0019476325275732584,0.18176010324994488
v2-large,nyu,nyu_0813,0.11213798067585114,0.4789020647918277,0.8301985677083333,0.0005803822697966702,0.292373584453226
v2-large,nyu,nyu_0820,0.0768705057795474,0.4491805891349809,0.9465625,0.001559503733227351,0.20169906250535424
v2-large,nyu,nyu_0821,0.19119607753384515,1.0051981335983815,0.7002604166666667,0.0016174973383312461,0.21224727242714356
v2-large,nyu,nyu_0822,0.11284347962565476,0.4360751406340669,0.90279296875,0.0016815700123171745,0.24176839675879572
v2-large,nyu,nyu_0832,0.12634581493869942,0.6229749808096507,0.902724609375,0.0018331985581030933,0.14357900140174348
v2-large,nyu,nyu_0833,0.09440162046176516,0.4094355240938748,0.9410481770833333,0.0015324440453646808,0.14526286467477859
v2-large,nyu,nyu_0834,0.11715100699195165,0.5008318636029825,0.9223958333333333,0.0018041262212288006,0.18357015421028783
v2-large,nyu,nyu_0835,0.14806823923905066,0.6547117068706474,0.804814453125,0.0014776974422236846,0.17647790325352722
v2-large,nyu,nyu_0836,0.13086661764737628,0.7708693958194046,0.8261588541666667,0.0011245212379399627,0.19940565798801513
v2-large,nyu,nyu_0837,0.09096141568895166,0.20960954676672947,0.9329557291666667,0.0013025060284708831,0.386705716322865
v2-large,nyu,nyu_0838,0.08729667354410697,0.68747942004904,0.9219205729166666,0.0018822422637838005,0.11773801108863828
v2-large,nyu,nyu_0839,0.14472444735026962,0.7406172663254805,0.8298567708333333,0.0020823712978553267,0.21402392985430713
v2-large,nyu,nyu_0840,0.1349084903691301,0.6443943270927054,0.8215787760416666,0.002188029112339589,0.19460079926404272
v2-large,nyu,nyu_0841,0.06821784948847118,0.369637508910083,0.942177734375,0.0010907656436697792,0.1720555602299825
v2-large,nyu,nyu_0842,0.10473238955897585,0.3994010431843897,0.8438802083333333,0.0013050837499896761,0.30030877695035746
v2-large,nyu,nyu_0843,0.09221471559922662,0.4075231791694125,0.9672200520833333,0.0009745361176370942,0.2697381326109031
v2-large,nyu,nyu_0844,0.0719471525413325,0.26638531781044256,0.9634537760416667,0.0009816976431354834,0.24031599168036116
v2-large,nyu,nyu_0845,0.043118102431155124,0.07738618284509302,0.9865657552083333,0.0017220484093040426,0.44396999156390315
v2-large,nyu,nyu_0849,0.1358053448967701,0.6274247711306904,0.8318098958333333,0.000816154815714781,0.21144044574946178
v2-large,nyu,nyu_0850,0.09814713069982602,0.42595917089817664,0.937978515625,0.0015544214008049965,0.19707439273323704
v2-large,nyu,nyu_0851,0.05931820016624687,0.32845548812513287,0.9537532552083333,0.0013951952503510991,0.2525677316529511
v2-large,nyu,nyu_0856,0.07826715035437844,0.443561694132041,0.931220703125,0.0017813664696590425,0.181061608098559
v2-large,nyu,nyu_0857,0.11303070696638305,0.725358508892504,0.867587890625,0.002157123902465069,0.20977618151668465
v2-large,nyu,nyu_0858,0.11039713852148945,0.5637517192253566,0.85556640625,0.002150574225568021,0.17311600671023009
v2-large,nyu,nyu_0859,0.07654665986333463,0.5913947831245873,0.9442805989583334,0.0011498336554856394,0.16475127382931865
v2-large,nyu,nyu_0860,0.15239813208339772,0.9420348678997169,0.721943359375,0.0016270433744128476,0.20503255225776879
v2-large,nyu,nyu_0861,0.08540880442788999,0.5948955891215233,0.9438020833333334,0.0012566205654050307,0.2180872278847814
v2-large,nyu,nyu_0868,0.0587269481213121,0.23691792892782165,0.9686588541666666,0.0007127110544803488,0.26580881305770393
v2-large,nyu,nyu_0869,0.05742731098278405,0.28056639952916723,0.97673828125,0.0007675515581488621,0.21329618030096956
v2-large,nyu,nyu_0870,0.03802146586969426,0.17944751602734574,0.9850423177083333,0.0011100083284976598,0.3151976580702278
v2-large,nyu,nyu_0905,0.09013948014310824,0.5320665996595069,0.9180729166666667,0.001384908774785065,0.1436532880305061
v2-large,nyu,nyu_0906,0.07981538862463466,0.3746266325242327,0.9473990885416667,0.001770654742299085,0.23038556883756472
v2-large,nyu,nyu_0907,0.11601431143191417,0.6322707689904096,0.9103190104166666,0.0015036634299970704,0.1963930736907987
v2-large,nyu,nyu_0916,0.12065464806683643,0.7167543758815632,0.8482356770833334,0.0005515020488575465,0.21798214269723243
v2-large,nyu,nyu_0917,0.09076334787546131,0.3966055450736506,0.9735188802083333,0.000937605160361838,0.20939124281364613
v2-large,nyu,nyu_0918,0.08056836268386837,0.47951799496124886,0.9465494791666667,0.001079594051304037,0.17049162991222078
v2-large,nyu,nyu_0925,0.07652891735657304,0.27255349133256224,0.9684798177083334,0.001472720329799246,0.24617456347135339
v2-large,nyu,nyu_0926,0.10415382573241007,0.5131627493330938,0.9418489583333334,0.0008846520179940023,0.277519467496626
v2-large,nyu,nyu_0927,0.060807842507726806,0.152654596808322,0.9708268229166667,0.0012529472384337887,0.4433977723170659
v2-large,nyu,nyu_0931,0.08063617096558554,0.26949621396432394,0.96779296875,0.0010078744951655808,0.27488502353226724
v2-large,nyu,nyu_0932,0.10486321069333981,0.38449179396029975,0.9330891927083333,0.0003182874092093986,0.3133083483504519
v2-large,nyu,nyu_0933,0.04687748103907097,0.1925132228316345,0.9843359375,0.0012182594754027475,0.2996994148627943
v2-large,nyu,nyu_0934,0.051854315959734866,0.1676723415851094,0.972685546875,0.0009715522797479478,0.3214592375929412
v2-large,nyu,nyu_0944,0.08920409014345561,0.3859837577621617,0.9574153645833333,0.0008854980619857093,0.2735695674953492
v2-large,nyu,nyu_0945,0.0791141496813454,0.26805265301156256,0.9716471354166667,0.0010790905145997968,0.3050449055331137
v2-large,nyu,nyu_0946,0.09936103617213825,0.4287174815606181,0.9611490885416667,0.0007305208795634388,0.21419135221332236
v2-large,nyu,nyu_0958,0.11484158890990019,0.46665937712300515,0.8970475260416667,0.0005637939026187512,0.26820391043179503
v2-large,nyu,nyu_0959,0.10101986360264291,0.39456418166454094,0.926240234375,0.0014498120382954597,0.24523959843305398
v2-large,nyu,nyu_0960,0.08770116640787329,0.31374670794162945,0.9761328125,0.00023192571575214677,0.33270139644524
v2-large,nyu,nyu_0961,0.08898446166258064,0.30150149854684843,0.972294921875,0.0003308157293320164,0.3330532262363499
v2-large,nyu,nyu_0964,0.09531313165470892,0.32047383209240643,0.950703125,0.0006365592131652425,0.28332388400332226
v2-large,nyu,nyu_0965,0.06353908307788587,0.206041601796854,0.9774088541666667,0.0011368608944557497,0.3289170596513792
v2-large,nyu,nyu_0966,0.04438015292374696,0.1520887200545373,0.9871907552083333,0.0012888826282138732,0.31832101183819095
v2-large,nyu,nyu_0969,0.09784941617558936,0.439608546703364,0.9810904947916667,0.00043979777449064796,0.23606024514591667
v2-large,nyu,nyu_0970,0.12018662864079796,0.47524425186046176,0.8701790364583334,0.0004937754815666526,0.25422168358597075
v2-large,nyu,nyu_0971,0.14496082187371667,0.5763104012357877,0.7372526041666667,0.0006582071915423943,0.26440794922765093
v2-large,nyu,nyu_0972,0.10347551090552261,0.3100901104179402,0.9758528645833333,0.000981660587248479,0.2892573733319179
v2-large,nyu,nyu_0973,0.1365869430564247,0.33403503390553074,0.8153255208333333,0.0011429296972549768,0.27152626002668717
v2-large,nyu,nyu_0974,0.05362461290440212,0.2201344103315696,0.9827571614583334,0.0005625979500984667,0.2794576683586912
v2-large,nyu,nyu_0975,0.08654429520709081,0.3770650482110951,0.96490234375,0.0005360650812021475,0.2533533007712782
v2-large,nyu,nyu_0976,0.11569592432596316,0.44050506397099265,0.8581901041666666,0.000536829299951673,0.2800739095030812
v2-large,nyu,nyu_0990,0.12866958404372775,0.48689938628202784,0.8514322916666667,0.0016044115509505077,0.23601350911871924
v2-large,nyu,nyu_0991,0.08384700581905306,0.34256046849353716,0.91919921875,0.0005757395113478484,0.2491820807662294
v2-large,nyu,nyu_0992,0.13800924716913807,0.551883300502736,0.8106087239583334,0.0007585613732658765,0.25821987729104157
v2-large,nyu,nyu_0993,0.08802557195084353,0.3387673506451497,0.9258821614583334,0.0005032168911770736,0.29557139252837916
v2-large,nyu,nyu_0994,0.059744347012313584,0.22669941295978088,0.9672005208333333,0.0012217831850968059,0.3125201760963805
v2-large,nyu,nyu_1000,0.06558606532852458,0.2518936392617629,0.9547688802083333,0.0016609745406834862,0.2440216072337836
v2-large,nyu,nyu_1001,0.08756572113777852,0.41065254626158554,0.9499153645833334,0.001083956365167954,0.24514623918013007
v2-large,nyu,nyu_1002,0.04776280889558588,0.2969388539246513,0.9749869791666667,0.0014279692980397884,0.20681102674966217
v2-large,nyu,nyu_1003,0.09488021427807461,0.41531189242053773,0.895927734375,0.0011097898188883958,0.27195379101401035
v2-large,nyu,nyu_1009,0.051686003409330696,0.278292625408575,0.965732421875,0.0009373990207376601,0.2247009339539344
v2-large,nyu,nyu_1010,0.07887810268780897,0.3323556351528304,0.94974609375,0.0007707607788032344,0.297689174596149
v2-large,nyu,nyu_1011,0.06180703610592064,0.2664200087268665,0.96802734375,0.0008944088525664576,0.3043454335036602
v2-large,nyu,nyu_1020,0.0834059867455981,0.2832527046874563,0.9504557291666667,0.0015243163419540425,0.22409460687578042
v2-large,nyu,nyu_1021,0.11527464787581679,0.49990137272469803,0.8956380208333333,0.00048192738213234643,0.2572855330000446
v2-large,nyu,nyu_1022,0.050126902252951154,0.24444815853879429,0.983076171875,0.0009973961927501114,0.22226902790720132
v2-large,nyu,nyu_1031,0.13575174952422484,0.45547340844511913,0.8572786458333334,0.0009328342126070847,0.2860889284713266
v2-large,nyu,nyu_1032,0.05464011985095094,0.18960045320194668,0.98056640625,0.0006069879806905078,0.3059932524204053
v2-large,nyu,nyu_1033,0.05803122405037563,0.21216369061908544,0.9730110677083333,0.000777358666218688,0.2712369112107484
v2-large,nyu,nyu_1037,0.04339669244174593,0.15769596188331178,0.9770475260416667,0.0015577944073461173,0.2444943385426015
v2-large,nyu,nyu_1038,0.06780216159053216,0.2714480414015083,0.9785319010416667,0.0004879167119608734,0.2766648006085843
v2-large,nyu,nyu_1047,0.07671418753701524,0.27679456535436997,0.958056640625,0.001902500494583359,0.23882766307157308
v2-large,nyu,nyu_1048,0.09734518775918331,0.5181235071779772,0.93076171875,0.0008898277942735659,0.21483178855587892
v2-large,nyu,nyu_1051,0.0718142984414814,0.2766292512951693,0.9889680989583334,0.0007580188894086851,0.2848531325788805
v2-large,nyu,nyu_1052,0.050215453918135464,0.12066569643679516,0.9738411458333334,0.001400756221830871,0.39473577613062566
v2-large,nyu,nyu_1056,0.09117784974692882,0.3473181061723317,0.9228450520833333,0.0005708948572042565,0.28193244867381195
v2-large,nyu,nyu_1057,0.052323333919632425,0.1950911744758653,0.9704296875,0.0006358543330181479,0.3186589772603489
v2-large,nyu,nyu_1074,0.21017123569340163,0.682876747288029,0.5986783854166666,0.00042464046221355394,0.30386665540553176
v2-large,nyu,nyu_1075,0.12149215599783886,0.4579029227520782,0.929228515625,0.0005425259913871709,0.26571540469283805
v2-large,nyu,nyu_1076,0.06531905125118986,0.31172955989453566,0.964453125,0.0015173848151153893,0.20353722878825437
v2-large,nyu,nyu_1077,0.19402129817205174,0.4996528543256323,0.6368001302083334,0.0005323418583724762,0.37601592695122354
v2-large,nyu,nyu_1078,0.0959237530523323,0.3877073403970444,0.9344466145833333,0.0013003494445690974,0.22944161628776974
v2-large,nyu,nyu_1079,0.09135582468504165,0.34422765950220535,0.9771484375,0.000478708345506334,0.2805434224228909
v2-large,nyu,nyu_1080,0.2832524763479312,1.0767187034856796,0.47997721354166667,0.0007037958652378416,0.31802361443366634
v2-large,nyu,nyu_1081,0.12636643975378054,0.5681895014222459,0.8829752604166666,0.0007913620661870331,0.23549627489139016
v2-large,nyu,nyu_1082,0.058532429729758716,0.18247333140793678,0.985302734375,0.0005917437865166831,0.3423362754548631
v2-large,nyu,nyu_1083,0.14819994506555814,0.4476775186352882,0.847509765625,0.0011214299639108714,0.3174577796760239
v2-large,nyu,nyu_1087,0.09054959763904463,0.2813505730038981,0.9245377604166667,0.0013678440896339593,0.33898682965205734
v2-large,nyu,nyu_1088,0.07722331766509165,0.31013891295649354,0.9507389322916666,0.0012176137908438474,0.24549310640623023
v2-large,nyu,nyu_1089,0.05658075462399395,0.23556750521258782,0.9321223958333333,0.001429567988162669,0.2569773633732707
v2-large,nyu,nyu_1090,0.08590099808528963,0.2687664988231116,0.963955078125,0.0012056629057938593,0.28074002249381774
v2-large,nyu,nyu_1091,0.04927459065983339,0.19916335480127953,0.9782942708333333,0.0010831528334072226,0.27706521376767607
v2-large,nyu,nyu_1092,0.07333939102815838,0.2575177492360695,0.95619140625,0.0010882914230864764,0.30648618967845703
v2-large,nyu,nyu_1093,0.09893307902934967,0.3155760134314598,0.9551106770833333,0.001107956779718023,0.29538956382561926
v2-large,nyu,nyu_1094,0.06362358140771449,0.23916032849423316,0.9610872395833333,0.001211081121541225,0.3127600629063594
v2-large,nyu,nyu_1095,0.07290580948101757,0.2127924725088432,0.9772298177083333,0.0013225047292223077,0.3311435261052861
v2-large,nyu,nyu_1097,0.13413373429747144,0.509631176843609,0.8519140625,0.0004539127115419223,0.2913136469953535
v2-large,nyu,nyu_1098,0.08624837366133346,0.3502378726388049,0.9831217447916667,0.0006381720597790511,0.25633049806853697
v2-large,nyu,nyu_1099,0.1171002075992862,0.4808522909981756,0.9023860677083333,0.0010644765678444247,0.2775235017178042
v2-large,nyu,nyu_1100,0.11597932227537344,0.4306697603608939,0.900146484375,0.001116743706280815,0.24431174038079428
v2-large,nyu,nyu_1101,0.11010377478959271,0.331619978993826,0.8923567708333333,0.0010079043108339766,0.2819436535241825
v2-large,nyu,nyu_1102,0.06378430169983,0.27018994996118073,0.9859765625,0.0008825456742286412,0.27491097402615733
v2-large,nyu,nyu_1103,0.09102173136321601,0.3205859030247598,0.9696516927083333,0.0008411963335065478,0.2993628163145712
v2-large,nyu,nyu_1105,0.08037571072879392,0.3215673713208476,0.9719270833333333,0.001365104237672935,0.22593916360795743
v2-large,nyu,nyu_1106,0.12054336959279893,0.5659525812010078,0.8990787760416666,0.0005358983473372668,0.23324573530180628
v2-large,nyu,nyu_1107,0.10133299574828193,0.46992036170968554,0.9407975260416667,0.0006019941760674117,0.2158724435589341
v2-large,nyu,nyu_1108,0.09164863411843607,0.3100344019350007,0.9747265625,0.001203672965624789,0.2867901929490096
v2-large,nyu,nyu_1116,0.140582264749816,0.5798901289054836,0.7860709635416666,0.0006487843603447881,0.2569894689243851
v2-large,nyu,nyu_1117,0.08747365532944244,0.2173869086999046,0.943330078125,0.0008685904101369677,0.4105529350955845
v2-large,nyu,nyu_1118,0.07633128566175619,0.19161112161853597,0.9105013020833334,0.0013388752259560596,0.3947750440894886
v2-large,nyu,nyu_1122,0.05892569538522282,0.25206678333107396,0.9848860677083333,0.001194395632682808,0.2995822717467813
v2-large,nyu,nyu_1123,0.09531251788041471,0.38323971297134596,0.9557747395833334,0.0004427670607372975,0.28035928676472704
v2-large,nyu,nyu_1124,0.0420324191586722,0.1891471297955155,0.9777734375,0.0009664866212962771,0.2610066195202193
v2-large,nyu,nyu_1125,0.057364443702718024,0.1519930972834504,0.97884765625,0.0008781643740065618,0.39633681722796316
v2-large,nyu,nyu_1126,0.15733538838817607,0.6348677556928269,0.8051953125,0.0005038412641895916,0.24957958622533177
v2-large,nyu,nyu_1127,0.10980274059963165,0.30156733983800255,0.9385546875,0.0015541855594356781,0.30242119143294305
v2-large,nyu,nyu_1128,0.13543827673984912,0.5230215033616916,0.811806640625,0.000524539446003611,0.27681641557160963
v2-large,nyu,nyu_1129,0.08709590274077161,0.4194124182404005,0.956650390625,0.0012137746777852768,0.2032393776797289
v2-large,nyu,nyu_1130,0.10757166660335121,0.33657761233604905,0.9733430989583334,0.0010351513818758833,0.3198594303350263
v2-large,nyu,nyu_1134,0.10831856969692907,0.34396395327057866,0.9445963541666667,0.0005082770591478981,0.3418002308317995
v2-large,nyu,nyu_1135,0.08437688361787522,0.22359806260940426,0.9774381510416666,0.000567854070715744,0.4022156814412025
v2-large,nyu,nyu_1143,0.15018368719352385,0.3997687244036346,0.8073079427083333,0.0012031289248702844,0.339063270533066
v2-large,nyu,nyu_1144,0.08273139340346464,0.4178209951223933,0.9075520833333334,0.0007664323814998368,0.21348591449717325
v2-large,nyu,nyu_1145,0.07029991047985584,0.3841933335555401,0.9599772135416667,0.0012597902271813065,0.17469528095061837
v2-large,nyu,nyu_1146,0.12120460721343593,0.39078614979466425,0.91837890625,0.0007613099134865,0.30222026882378583
v2-large,nyu,nyu_1147,0.07081363118403784,0.2598265662724704,0.98083984375,0.0008518200279099188,0.3010957470986456
v2-large,nyu,nyu_1148,0.035591988957066466,0.08771177401259869,0.9766861979166667,0.0017439416416839225,0.3674697733036468
v2-large,nyu,nyu_1149,0.0864840349863551,0.44399723057286644,0.9754134114583334,0.0007881361597718103,0.1887212154446972
v2-large,nyu,nyu_1150,0.07679808276735503,0.3758977023840359,0.97607421875,0.0007029747620264453,0.21415031807735885
v2-large,nyu,nyu_1151,0.07015936828482633,0.21564173890792895,0.98888671875,0.000644403479112435,0.3335392692437845
v2-large,nyu,nyu_1152,0.060753833571018205,0.15540383024322377,0.9813509114583333,0.0017265051809524858,0.3423145741983796
v2-large,nyu,nyu_1153,0.06519908581884931,0.18581187823228384,0.9790950520833334,0.0006928860248172416,0.40967745494692226
v2-large,nyu,nyu_1154,0.11122285087574857,0.2692829847557619,0.8787141927083333,0.00046152605484082245,0.5202810480835993
v2-large,nyu,nyu_1155,0.06929509462745186,0.19162798982363363,0.951689453125,0.0014190602068547941,0.33208056338971176
v2-large,nyu,nyu_1156,0.05295872446023517,0.2193953687021505,0.9824934895833334,0.000758944855472172,0.3066784123284389
v2-large,nyu,nyu_1157,0.03668150952017669,0.1039888275157584,0.9891666666666666,0.001243710094211159,0.33860477938227124
v2-large,nyu,nyu_1161,0.03762991321296363,0.18216802805029067,0.986591796875,0.0013105056649129897,0.3145931567888712
v2-large,nyu,nyu_1162,0.07949696862845478,0.23205371156490762,0.9791764322916666,0.0007132464290694675,0.3668164455324934
v2-large,nyu,nyu_1163,0.03669453712775019,0.0893438693545227,0.9915983072916666,0.0012714608936540829,0.3617684894052862
v2-large,nyu,nyu_1164,0.07598556293485097,0.3304735880925767,0.9824576822916666,0.000748917015188486,0.23643129726809184
v2-large,nyu,nyu_1165,0.0782582939106144,0.33445885064847014,0.9772721354166667,0.0005904410486024075,0.2540948048691902
v2-large,nyu,nyu_1166,0.06737324518598281,0.2417141558289596,0.9787076822916667,0.0012175898794945972,0.2905138727739715
v2-large,nyu,nyu_1169,0.09468273529005591,0.3703281633033934,0.9342415364583333,0.0003685920561166711,0.2991156424976169
v2-large,nyu,nyu_1170,0.05396247881515638,0.21230863180340134,0.986689453125,0.0008115824407795441,0.3035018597797704
v2-large,nyu,nyu_1173,0.14112070832891369,0.4236748223580747,0.8391634114583333,0.0010495168864644907,0.31740930358225733
v2-large,nyu,nyu_1174,0.09162849926129261,0.2665346410875493,0.972353515625,0.0010224639540290723,0.3044150483234929
v2-large,nyu,nyu_1175,0.12634822215103464,0.33247237517374256,0.9245865885416666,0.0011693861160043003,0.36283372470575037
v2-large,nyu,nyu_1178,0.09378721644482184,0.3371214216904749,0.97513671875,0.0011860346698270342,0.24683398230106351
v2-large,nyu,nyu_1179,0.08062058733963025,0.27364808899446347,0.899833984375,0.001311424846451213,0.2406983021306884
v2-large,nyu,nyu_1180,0.08848881035044351,0.6251212214400642,0.894814453125,0.0009080617248291328,0.17941222037131827
v2-large,nyu,nyu_1181,0.10531052223641828,0.4344348566793537,0.9193880208333334,0.0009257094945595599,0.2423949211969603
v2-large,nyu,nyu_1182,0.1074910977481203,0.318333721188464,0.9013802083333333,0.0008566234580211121,0.3069946475819345
v2-large,nyu,nyu_1183,0.061769554127273016,0.24240981161580177,0.9863541666666666,0.0004466468869850409,0.2847778225924074
v2-large,nyu,nyu_1191,0.06266462171875979,0.3206743524749676,0.9860872395833333,0.000635664132193262,0.23003228670026804
v2-large,nyu,nyu_1192,0.07940625807772922,0.334356913516333,0.952294921875,0.0007402382701987922,0.2388137574063819
v2-large,nyu,nyu_1193,0.11046874231386887,0.5314414162128116,0.895,0.00047121330945160616,0.23430465233748096
v2-large,nyu,nyu_1194,0.06531591688539674,0.26440736020835126,0.97705078125,0.0007705398113718525,0.27361585933266847
v2-large,nyu,nyu_1195,0.04153293854617622,0.1282758836227918,0.983291015625,0.0013281472829115653,0.3618594920099761
v2-large,nyu,nyu_1200,0.10078129208003414,0.3173598368451793,0.9376171875,0.0007848381242051624,0.35865949094145355
v2-large,nyu,nyu_1201,0.08426084520679672,0.2914447772322387,0.9794694010416667,0.0004258448209383133,0.3359808633297137
v2-large,nyu,nyu_1202,0.07492313507153772,0.21331564841162767,0.9809407552083333,0.0008631841470425329,0.3370057615083716
v2-large,nyu,nyu_1203,0.11016888155992156,0.743475291933166,0.9121940104166667,0.0009541217651051542,0.14124213988815526
v2-large,nyu,nyu_1204,0.14107305777157245,0.9786190004699775,0.8460709635416667,0.0007058284199287336,0.19554911782787104
v2-large,nyu,nyu_1205,0.13779880236477518,0.9734410397345179,0.845146484375,0.0005666351167037204,0.14951096398780578
v2-large,nyu,nyu_1206,0.14094103006451408,0.9653803129274483,0.7964290364583333,0.0007894523512718954,0.18754011788410943
v2-large,nyu,nyu_1207,0.09132469750344407,0.6758660056736244,0.8992154947916666,0.0012072397269549588,0.15095123153140128
v2-large,nyu,nyu_1208,0.08971460478261434,0.49069048588869113,0.8867350260416667,0.0011958800954862613,0.19482552345400292
v2-large,nyu,nyu_1209,0.12883936650170022,0.7203086908305365,0.8783561197916666,0.0009636962162477585,0.1620792617175151
v2-large,nyu,nyu_1210,0.15666691655848813,0.8439062900540019,0.7947428385416667,0.0008479756374621501,0.22508639520679766
v2-large,nyu,nyu_1211,0.1787172411073572,0.6570591633737619,0.7153287760416667,0.0009395481595938889,0.2443304601125926
v2-large,nyu,nyu_1215,0.08687781114952815,0.3841765210137548,0.974501953125,0.0007502559513458321,0.22904757840560763
v2-large,nyu,nyu_1216,0.02954694887204002,0.23137124957476607,0.98525390625,0.0010001862051600774,0.16243175018994116
v2-large,nyu,nyu_1217,0.07836733877808777,0.24414148934224703,0.9412565104166667,0.0007547557296566018,0.25910652916044763
v2-large,nyu,nyu_1218,0.15740083637323016,1.06490996804704,0.821591796875,0.0006607057335018928,0.18712325913543995
v2-large,nyu,nyu_1219,0.11965641299092254,0.746962430753538,0.79326171875,0.0009201228377509732,0.18449144204554943
v2-large,nyu,nyu_1225,0.14259293251227995,0.5102534615772216,0.92216796875,0.0006690822494337225,0.25841393724243233
v2-large,nyu,nyu_1226,0.08239955248314361,0.609998010360046,0.9271842447916666,0.0010324165884516175,0.14036465774380447
v2-large,nyu,nyu_1227,0.08879755600821938,0.4953042780423485,0.9565071614583334,0.0011519268146386976,0.18342332373407857
v2-large,nyu,nyu_1228,0.07497648348056352,0.49131203367688286,0.9544108072916667,0.0010482015992950957,0.1694045076005234
v2-large,nyu,nyu_1229,0.07049537717895239,0.3688752213226535,0.9637369791666667,0.0011676550295216127,0.20825020769238586
v2-large,nyu,nyu_1232,0.12842247014764765,0.3764046573772802,0.86115234375,0.0009510651534528287,0.3177014771396427
v2-large,nyu,nyu_1233,0.11127016887570519,0.3938676259331013,0.936328125,0.0008106553724997215,0.28845456484575394
v2-large,nyu,nyu_1234,0.08170971382548486,0.3667037870343983,0.95412109375,0.0010483586545667527,0.2395525417670582
v2-large,nyu,nyu_1246,0.05745256856253294,0.39956411001720754,0.9833072916666666,0.0009067372867939202,0.1532183399126222
v2-large,nyu,nyu_1247,0.06867586602013356,0.4671195768034093,0.97701171875,0.0011588153154083586,0.16786506754080602
v2-large,nyu,nyu_1248,0.045634161766723774,0.2521617955049824,0.9701595052083334,0.0013773036764158655,0.20009628198803814
v2-large,nyu,nyu_1249,0.11633408050060609,0.5031018530647173,0.93767578125,0.0004062324897462576,0.23465221880063383
v2-large,nyu,nyu_1253,0.102071470351104,0.5680060431240274,0.9616764322916667,0.0013405300650091332,0.15801225071621167
v2-large,nyu,nyu_1254,0.13596167860931282,0.9737145412555577,0.8347037760416667,0.0007036586193301959,0.18145573473751156
v2-large,nyu,nyu_1255,0.12419662759170798,0.7999067472391287,0.87,0.0006025061801229859,0.1650072672456224
v2-large,nyu,nyu_1256,0.16689383892619558,0.9583814891676828,0.7216178385416666,0.0005718609616600679,0.20970487862153614
v2-large,nyu,nyu_1257,0.13659776271716104,0.6267700629305257,0.9410188802083334,0.0010792483432215919,0.20912141435941853
v2-large,nyu,nyu_1258,0.0852128374538193,0.49518434281589463,0.9561783854166667,0.001099621695237515,0.17210769064360282
v2-large,nyu,nyu_1259,0.10881684366252799,0.5948317528434862,0.9076627604166667,0.0012919714969823665,0.18406668646157887
v2-large,nyu,nyu_1260,0.08686228710950333,0.49743607410158686,0.970986328125,0.0011746231416117948,0.1774164408546015
v2-large,nyu,nyu_1261,0.0845681780260372,0.49349231728821735,0.9544205729166667,0.0008314029886907975,0.21514874005085646
v2-large,nyu,nyu_1262,0.14206294332608688,0.6812385869860675,0.83837890625,0.0008745874131145901,0.16776000494520668
v2-large,nyu,nyu_1263,0.09690422268131102,0.25287860780478777,0.9709016927083334,0.0007705576878590125,0.3929773135554746
v2-large,nyu,nyu_1264,0.1370613635501034,0.9523681126525494,0.8258626302083333,0.0005520248907049111,0.17591715335397026
v2-large,nyu,nyu_1274,0.11588538221157933,0.5838194643694773,0.8627311197916666,0.0012124914697421321,0.11614274903792145
v2-large,nyu,nyu_1275,0.1300222059629883,0.7908482966092512,0.82984375,0.001041650888910282,0.13544180869941133
v2-large,nyu,nyu_1276,0.09983134572423848,0.638032566630008,0.9365494791666666,0.0009778710115780323,0.14931588067128126
v2-large,nyu,nyu_1277,0.0954900350617811,0.6765133701684028,0.93884765625,0.0018790135737869937,0.12074939084422473
v2-large,nyu,nyu_1278,0.10947263260213608,0.5045087368523781,0.948330078125,0.0009811340835100238,0.21101455303429587
v2-large,nyu,nyu_1279,0.13954568128527514,0.8636297354969031,0.88134765625,0.0006169662392001126,0.1660334888588165
v2-large,nyu,nyu_1284,0.09772176872321489,0.31272851810153246,0.9714778645833333,0.0004890134335617085,0.33633144921747343
v2-large,nyu,nyu_1285,0.07610560774967869,0.3945699515101566,0.97326171875,0.0009800124652891368,0.1894573427897518
v2-large,nyu,nyu_1286,0.10338154394504707,0.46271556767897004,0.9619694010416666,0.0012599648883424449,0.2022701603311436
v2-large,nyu,nyu_1287,0.11103683851288317,0.5015466143369456,0.95107421875,0.0008928326537308015,0.21736315314221216
v2-large,nyu,nyu_1288,0.1250247744831458,0.6058818068673402,0.9597102864583333,0.0007765697009805744,0.1920698248786375
v2-large,nyu,nyu_1289,0.1541684240201597,0.6655283188663413,0.7936686197916667,0.0009885763802854712,0.22130495755772983
v2-large,nyu,nyu_1290,0.12316558643424261,0.7443701314673055,0.8934212239583333,0.0009151316409104946,0.19653714750105647
v2-large,nyu,nyu_1291,0.11702121949750248,0.8894464197929429,0.8623274739583333,0.0007534259230610874,0.15566457280408144
v2-large,nyu,nyu_1292,0.12454563413201918,0.797670038176588,0.8390852864583334,0.00048556409101303295,0.2541169307044951
v2-large,nyu,nyu_1293,0.059947410526617756,0.20430299030951962,0.9694466145833334,0.0010526747284433774,0.2962519716429788
v2-large,nyu,nyu_1294,0.08457150469372555,0.6444793394020628,0.8892220052083334,0.0009040521845143897,0.2583384199796021
v2-large,nyu,nyu_1296,0.04167615774923416,0.18512971082192806,0.9880078125,0.0005295070044854805,0.30086451363624195
v2-large,nyu,nyu_1297,0.09991064446055437,0.5169394542373372,0.9504915364583333,0.0013089597984112398,0.1575579836895095
v2-large,nyu,nyu_1298,0.0832490893720444,0.4887737560019645,0.965107421875,0.0006748830933047318,0.18038150452228993
v2-large,nyu,nyu_1301,0.12554992012037544,0.7414193301092368,0.8854166666666666,0.0006757053004449401,0.17964912829973992
v2-large,nyu,nyu_1302,0.13788889797377304,0.5088741218308184,0.8555403645833334,0.0009741024445530691,0.25584108567668773
v2-large,nyu,nyu_1303,0.15332222603171283,1.0008358685521377,0.7236686197916666,0.0008194405631737221,0.14992415272080353
v2-large,nyu,nyu_1304,0.125541603848512,0.5660787777324489,0.91216796875,0.0010943297412867356,0.20929725024517187
v2-large,nyu,nyu_1305,0.061232491321045766,0.3375040916651094,0.9524381510416666,0.0018798576924802556,0.11658927762473133
v2-large,nyu,nyu_1306,0.07169281314371537,0.47026975352340533,0.963642578125,0.0008493393504775147,0.29843021611842835
v2-large,nyu,nyu_1307,0.08342570531296468,0.4642875469927815,0.8893619791666667,0.0009786461340468085,0.15521074358041348
v2-large,nyu,nyu_1313,0.0414790521822439,0.18547357227556324,0.9886653645833333,0.0011968546320893034,0.25488631371628007
v2-large,nyu,nyu_1314,0.05400116117574021,0.3663207099877941,0.95619140625,0.0009001411594209004,0.20560852916696962
v2-large,nyu,nyu_1328,0.13455308117551176,0.6842130847570529,0.8497102864583334,0.001254173989862396,0.21215594182234596
v2-large,nyu,nyu_1329,0.061427851949069585,0.32235857456978506,0.9718717447916667,0.00039265707339737225,0.25724757719448327
v2-large,nyu,nyu_1330,0.13394902123718605,0.6656034590325848,0.8976302083333333,0.0006146166029565843,0.20494606828612516
v2-large,nyu,nyu_1331,0.12240757479781718,0.47345603892989796,0.834267578125,0.0009991696331462091,0.2890869321069876
v2-large,nyu,nyu_1334,0.1299394448436219,0.7714130775435221,0.8461458333333334,0.0006636610294134829,0.17090708532661328
v2-large,nyu,nyu_1335,0.13977129864483645,0.8370344627089452,0.7431998697916666,0.0009293632722369236,0.1825231060366309
v2-large,nyu,nyu_1336,0.11703808153016398,0.8502590322385958,0.8232194010416667,0.0010314004347466521,0.1462636942840948
v2-large,nyu,nyu_1337,0.16404678058958735,0.9231008530730449,0.7660904947916667,0.0006110159855641421,0.1705003438053492
v2-large,nyu,nyu_1338,0.21331738865303243,1.3598700123602327,0.7169173177083333,0.0006178527920556698,0.19614934275292187
v2-large,nyu,nyu_1339,0.17930560519247657,1.452318610546542,0.6869791666666667,0.001200775906016743,0.14305219235464833
v2-large,nyu,nyu_1346,0.05267448401524305,0.2660310066747033,0.9530013020833333,0.0014981146159402873,0.22381190336098186
v2-large,nyu,nyu_1347,0.04458071276685384,0.15387514697350976,0.9802766927083333,0.001133097349871735,0.32044166648786254
v2-large,nyu,nyu_1348,0.12182681848795676,0.4228606785992419,0.918603515625,0.0011372416692143337,0.3050473425826092
v2-large,nyu,nyu_1352,0.1437716554456375,0.8845162237605039,0.74810546875,0.0015270515401326595,0.18993811931418367
v2-large,nyu,nyu_1353,0.1718563348513276,1.277820306351184,0.789560546875,0.0013461667752036803,0.20972039927586997
v2-large,nyu,nyu_1354,0.14980771135534118,0.5449313907555536,0.816962890625,0.0008178868139555305,0.28482294729302643
v2-large,nyu,nyu_1355,0.14843098556709586,0.4752400040405231,0.809501953125,0.0005715023305951104,0.29460283491250705
v2-large,nyu,nyu_1363,0.15509161249910128,1.0472061466852391,0.8126171875,0.0011110847663499141,0.14266310968182472
v2-large,nyu,nyu_1364,0.1362649006821377,0.8930282449873747,0.7633333333333333,0.0011241806861971846,0.2051736108466591
v2-large,nyu,nyu_1367,0.11083342453905175,0.593954432479962,0.9499641927083333,0.0006500428431139699,0.18767207228949093
v2-large,nyu,nyu_1368,0.18790774665480614,0.8702056739640108,0.6314680989583333,0.0005104386479147343,0.25282534764639364
v2-large,nyu,nyu_1383,0.11666901341760351,0.4613982244014421,0.9386360677083333,0.0008481873229186973,0.2513341324520943
v2-large,nyu,nyu_1384,0.09806405626429633,0.5462364297664734,0.9264095052083333,0.0008855438399103873,0.20531051419761104
v2-large,nyu,nyu_1385,0.0735084015164185,0.5724460576263232,0.9432552083333333,0.0009318636227962302,0.16266020520384653
v2-large,nyu,nyu_1386,0.11454683183129533,0.6066865565547185,0.9432649739583333,0.0018900970763191733,0.13196693343544064
v2-large,nyu,nyu_1387,0.08828674345393403,0.45875074338261673,0.9721354166666667,0.0007503020263666841,0.21741506000050875
v2-large,nyu,nyu_1388,0.11029271458903667,0.4116260412493741,0.9529134114583333,0.00026129890307193877,0.3375629235589042
v2-large,nyu,nyu_1389,0.1371898633110568,0.9280464791067596,0.8314908854166667,0.0010665759247834334,0.16718679741683048
v2-large,nyu,nyu_1390,0.07747493616713216,0.28325017550859155,0.9661881510416667,0.0004535944807303043,0.2925725496917037
v2-large,nyu,nyu_1393,0.13607792022454784,0.8275907144531491,0.8705208333333333,0.0014171400059785203,0.17784799182000474
v2-large,nyu,nyu_1394,0.08238121022404672,0.4357095906714137,0.9367350260416667,0.0014464421149586347,0.18057528099599696
v2-large,nyu,nyu_1395,0.16555206985690496,0.8185799976912177,0.7861979166666667,0.00095717780316011,0.18000404861644
v2-large,nyu,nyu_1396,0.1280724936215295,0.6980589179598714,0.862802734375,0.0007361183555588932,0.19480144893786658
v2-large,nyu,nyu_1397,0.1284842834539366,0.38276662642787324,0.925283203125,0.001134829747152498,0.31814025335322743
v2-large,nyu,nyu_1398,0.17237591816039727,0.6827291260290412,0.7789908854166666,0.0017677291218719383,0.2933295191752525
v2-large,nyu,nyu_1399,0.08509276543651137,0.4161218249344524,0.912109375,0.0013452192473352729,0.22382451807036677
v2-large,nyu,nyu_1400,0.14975175494494417,0.7716380145721534,0.7639876302083334,0.0012393760361280965,0.22486253351561242
v2-large,nyu,nyu_1406,0.13826148309694755,0.852328503342664,0.8729459635416666,0.0007396922351110685,0.1656869976285876
v2-large,nyu,nyu_1407,0.11567094305315549,0.6503938837560584,0.8833235677083333,0.0010664633850509858,0.19308706772508302
v2-large,nyu,nyu_1408,0.09033995392474817,0.573515831571041,0.955546875,0.0014695131718045226,0.1509131585105242
v2-large,nyu,nyu_1409,0.0863646057116712,0.6328889468407453,0.949228515625,0.0008312829736941838,0.1242683110193796
v2-large,nyu,nyu_1410,0.05143537700103991,0.16016339218947942,0.986005859375,0.000502382646256311,0.3690238474433478
v2-large,nyu,nyu_1411,0.1298362039087545,0.8127124161138612,0.796826171875,0.0008770053956402765,0.20474810674011407
v2-large,nyu,nyu_1412,0.06275047716878394,0.22690497616374897,0.9397037760416667,0.0009075377359609643,0.32183972314822684
v2-large,nyu,nyu_1413,0.07812356843942489,0.25486705671039445,0.93166015625,0.0009462135097203837,0.36164352757309653
v2-large,nyu,nyu_1420,0.11101722333166518,0.6690850627160864,0.9199348958333333,0.0006651694939330502,0.2098739695029908
v2-large,nyu,nyu_1421,0.05360073781986344,0.23291496725111002,0.9856087239583333,0.0014366230536640113,0.27113602438912376
v2-large,nyu,nyu_1422,0.11563805006838988,0.3349358338140215,0.9683821614583333,0.001293514323633553,0.3402845650374704
v2-large,nyu,nyu_1423,0.08015913017728839,0.43126666168382094,0.9635091145833333,0.0010812372582852635,0.2049330849844062
v2-large,nyu,nyu_1429,0.07306812487849855,0.33180685359880363,0.9690364583333333,0.00078895042530925,0.2579447978556047
v2-large,nyu,nyu_1430,0.06473629893428132,0.3675040766005115,0.9470865885416667,0.001666311850183637,0.18628380244455417
v2-large,nyu,nyu_1431,0.079185005128562,0.5554123596808817,0.9376953125,0.0018374960900046605,0.12734930099837843
v2-large,nyu,nyu_1432,0.12813613336627724,0.9107222349381843,0.8871875,0.0013142383659097887,0.1366531936907002
v2-large,nyu,nyu_1440,0.05210968110988493,0.3302551294234866,0.9559505208333333,0.0016668820825503977,0.14845168580334808
v2-large,nyu,nyu_1441,0.07719058552318395,0.3160821305366698,0.9798567708333333,0.0012066747419399008,0.25561452206472357
v2-large,nyu,nyu_1442,0.10297083002716509,0.5847911301644634,0.9232096354166667,0.0013491478560090757,0.17997489902130945
v2-large,nyu,nyu_1443,0.12797000545120615,0.574167041015356,0.8415266927083334,0.0005732626491895317,0.2576376693328551
v2-large,nyu,nyu_1444,0.06440696670061286,0.3811752161025437,0.955302734375,0.001346320441252513,0.16620864995144505
v2-large,nyu,nyu_1445,0.11015180480164792,0.5124569475216817,0.8740071614583333,0.0016612968376933793,0.16934381943217033
v2-large,nyu,nyu_1446,0.09254481562138593,0.4735330512548342,0.9301041666666666,0.0014695831331618314,0.22056943258123918
v2-large,nyu,nyu_1447,0.08428828442927025,0.6181258856613461,0.9128450520833333,0.0015632017233499352,0.14316734087630947
v2-large,nyu,nyu_1448,0.10881498413750364,0.6310545559631128,0.8935123697916667,0.001526667279146661,0.17918063242091398
